SESP;SESP;28/03/2025;755;VIATURA TIPO AUTO BOMBA TANQUE - ABT | 2025OB022717;6;R$ 8,091,595.54;sim
SEED;FUNDEPAR;07/03/2025;755;Construir a Escola Estadual Professora Mireille Maria Franco Zanon Machado, no município de Mandirituba. (Unidade Nova Escolar Lagoinha) | 2025OB001291;12;R$ 2,850.05;sim
SEED;FUNDEPAR;07/03/2025;755;Construir a Escola Estadual Professora Mireille Maria Franco Zanon Machado, no município de Mandirituba. (Unidade Nova Escolar Lagoinha) | 2025OB001292;12;R$ 6,298.46;sim
SEED;FUNDEPAR;07/03/2025;755;Construir a Escola Estadual Professora Mireille Maria Franco Zanon Machado, no município de Mandirituba. (Unidade Nova Escolar Lagoinha) | 2025OB001293;12;R$ 515,723.02;sim
SEED;FUNDEPAR;24/03/2025;755;Ampliar o Colégio Estadual Pinheiro do Paraná - Ensino Fundamental e Médio, no município de Curitiba/Curitiba | 2025OB001972;12;R$ 23,429.84;sim
SEED;FUNDEPAR;24/03/2025;755;Ampliar o Colégio Estadual Pinheiro do Paraná - Ensino Fundamental e Médio, no município de Curitiba/Curitiba | 2025OB001973;12;R$ 439,543.92;sim
SEED;FUNDEPAR;24/03/2025;755;Ampliar o Colégio Estadual Pinheiro do Paraná - Ensino Fundamental e Médio, no município de Curitiba/Curitiba | 2025OB001980;12;R$ 5,623.16;sim
SEED;FUNDEPAR;26/03/2025;755;Ampliar o Colégio Estadual Nirlei Medeiros - EF EM PROFIS, no município de Curitiba/Curitiba | 2025OB002077;12;R$ 6,186.47;sim
SEED;FUNDEPAR;26/03/2025;755;Ampliar o Colégio Estadual Nirlei Medeiros - EF EM PROFIS, no município de Curitiba/Curitiba | 2025OB002082;12;R$ 436,019.76;sim
SEIL;DER;05/03/2025;755;Implantação da rodovia PR-990, no entroncamento da rodovia PR-364 e a cidade de Rebouças | 2025OB004067;26;R$ 246,371.74;sim
SEIL;DER;06/03/2025;755;Implantação da rodovia PR-990, no entroncamento da rodovia PR-364 e a cidade de Rebouças | 2025OB004117;26;R$ 3,086.08;sim
SEIL;DER;06/03/2025;755;Implantação da rodovia PR-990, no entroncamento da rodovia PR-364 e a cidade de Rebouças | 2025OB004118;26;R$ 7,715.19;sim
SEIL;DER;17/03/2025;755;DUPLICAÇÃO E RESTAURAÇÃO DA RODOVIA PR-170/PRC-466, COM INICIO DO PERIMETRO URBANO DE TURVO, E FINALIZANDO NO INÍCIO DA PISTA DUPLA EM GUARAPUAVA, NO ESTADO DO PARANÁ, NA EXTENSÃO ESTIMADA DE 38,30KM - PALMEIRINHA E O INICIO DA PISTA DUPLA EM GUARAPUAVA - 11,52 KM | 2025OB004718;26;R$ 4,581,575.47;sim
SEIL;DER;18/03/2025;755;DUPLICAÇÃO E RESTAURAÇÃO DA RODOVIA PR-170/PRC-466, COM INICIO DO PERIMETRO URBANO DE TURVO, E FINALIZANDO NO INÍCIO DA PISTA DUPLA EM GUARAPUAVA, NO ESTADO DO PARANÁ, NA EXTENSÃO ESTIMADA DE 38,30KM - PALMEIRINHA E O INICIO DA PISTA DUPLA EM GUARAPUAVA - 11,52 KM | 2025OB004842;26;R$ 56,072.32;sim
SEIL;DER;18/03/2025;755;DUPLICAÇÃO E RESTAURAÇÃO DA RODOVIA PR-170/PRC-466, COM INICIO DO PERIMETRO URBANO DE TURVO, E FINALIZANDO NO INÍCIO DA PISTA DUPLA EM GUARAPUAVA, NO ESTADO DO PARANÁ, NA EXTENSÃO ESTIMADA DE 38,30KM - PALMEIRINHA E O INICIO DA PISTA DUPLA EM GUARAPUAVA - 11,52 KM | 2025OB004843;26;R$ 35,045.20;sim
SEIL;DER;20/03/2025;755;Restauração em whitetopping na rodovia PRC-280, no trecho Clevelândia/Pato Branco | 2025OB005135;26;R$ 27,494,245.55;sim
SEIL;DER;21/03/2025;755;Restauração em whitetopping na rodovia PRC-280, no trecho Clevelândia/Pato Branco | 2025OB005190;26;R$ 344,988.49;sim
SEIL;DER;21/03/2025;755;Restauração em whitetopping na rodovia PRC-280, no trecho Clevelândia/Pato Branco | 2025OB005191;26;R$ 427,742.60;sim
SEIL;DER;21/03/2025;755;Restauração em whitetopping na rodovia PRC-280, no trecho Clevelândia/Pato Branco | 2025OB005192;26;R$ 408,380.12;sim
SEIL;DER;21/03/2025;755;Restauração em whitetopping na rodovia PRC-280, no trecho Clevelândia/Pato Branco | 2025OB005193;26;R$ 46,142.21;sim
SEIL;DER;21/03/2025;755;Restauração em whitetopping na rodovia PRC-280, no trecho Clevelândia/Pato Branco | 2025OB005194;26;R$ 27,541.58;sim
SEIL;DER;24/03/2025;755;"Duplicação Ponta Grossa ¿ Palmeira e implantação do Contorno Rodoviário de Palmeira - PR-151 - 49,11km
- VALOR CO R$ 294.660.000,00 | 2025OB005262";26;R$ 1,622,968.60;sim
SEIL;DER;25/03/2025;755;"Duplicação Ponta Grossa ¿ Palmeira e implantação do Contorno Rodoviário de Palmeira - PR-151 - 49,11km
- VALOR CO R$ 294.660.000,00 | 2025OB005466";26;R$ 19,979.54;sim
SEIL;DER;25/03/2025;755;"Duplicação Ponta Grossa ¿ Palmeira e implantação do Contorno Rodoviário de Palmeira - PR-151 - 49,11km
- VALOR CO R$ 294.660.000,00 | 2025OB005467";26;R$ 14,130.74;sim
SEIL;DER;25/03/2025;755;"Duplicação Ponta Grossa ¿ Palmeira e implantação do Contorno Rodoviário de Palmeira - PR-151 - 49,11km
- VALOR CO R$ 294.660.000,00 | 2025OB005468";26;R$ 11,371.27;sim
SEIL;DER;26/03/2025;755;"Duplicação Ponta Grossa ¿ Palmeira e implantação do Contorno Rodoviário de Palmeira - PR-151 - 49,11km
- VALOR CO R$ 294.660.000,00 | 2025OB005639";26;R$ 13,128.15;sim
SEIL;DER;26/03/2025;755;"Duplicação Ponta Grossa ¿ Palmeira e implantação do Contorno Rodoviário de Palmeira - PR-151 - 49,11km
- VALOR CO R$ 294.660.000,00 | 2025OB005640";26;R$ 200.99;sim
SEIL;DER;26/03/2025;755;REABILITAÇÃO/RESTAURAÇÃO COM AMPLIAÇÃO DE CAPACIDADE PR-180 trecho Goioerê, SEGMENTO KM 217,02 AO KM 228,15, EXTENSÃO APROXIMADA 11,13KM -12 MESES | 2025OB005641;26;R$ 5,811,624.43;sim
SEIL;DER;26/03/2025;755;Restauração com ampliação de capacidade da rodovia PR-180 trecho Goioerê, no trecho de acesso secundário Goioerê/Quarto Centenário | 2025OB005642;26;R$ 1,227,028.45;sim
SEIL;DER;27/03/2025;755;Restauração com ampliação de capacidade da rodovia PR-180 trecho Goioerê, no trecho de acesso secundário Goioerê/Quarto Centenário | 2025OB005754;26;R$ 3,853.65;sim
SEIL;DER;27/03/2025;755;Restauração com ampliação de capacidade da rodovia PR-180 trecho Goioerê, no trecho de acesso secundário Goioerê/Quarto Centenário | 2025OB005755;26;R$ 3,188.25;sim
SEIL;DER;27/03/2025;755;Restauração com ampliação de capacidade da rodovia PR-180 trecho Goioerê, no trecho de acesso secundário Goioerê/Quarto Centenário | 2025OB005756;26;R$ 4,851.74;sim
SEIL;DER;27/03/2025;755;Restauração com ampliação de capacidade da rodovia PR-180 trecho Goioerê, no trecho de acesso secundário Goioerê/Quarto Centenário | 2025OB005757;26;R$ 309,243.53;sim
SEIL;DER;31/03/2025;755;REABILITAÇÃO/RESTAURAÇÃO COM AMPLIAÇÃO DE CAPACIDADE PR-180 trecho Goioerê, TRECHO AC. SECUND. GOIOERÊ¿IV CENTENÁRIO (A), SEGMENTO KM 217,02 AO KM 228,15, EXTENSÃO APROXIMADA 11,13KM -12 MESES | 2025OB005925;26;R$ 87,712.35;sim
SEIL;DER;31/03/2025;755;REABILITAÇÃO/RESTAURAÇÃO COM AMPLIAÇÃO DE CAPACIDADE PR-180 trecho Goioerê, TRECHO AC. SECUND. GOIOERÊ¿IV CENTENÁRIO (A), SEGMENTO KM 217,02 AO KM 228,15, EXTENSÃO APROXIMADA 11,13KM -12 MESES | 2025OB005926;26;R$ 72,567.35;sim
SEIL;DER;31/03/2025;755;REABILITAÇÃO/RESTAURAÇÃO COM AMPLIAÇÃO DE CAPACIDADE PR-180 trecho Goioerê, TRECHO AC. SECUND. GOIOERÊ¿IV CENTENÁRIO (A), SEGMENTO KM 217,02 AO KM 228,15, EXTENSÃO APROXIMADA 11,13KM -12 MESES | 2025OB005927;26;R$ 110,429.85;sim
SESP;SESP;11/04/2025;755;Reforma e ampliação da sede da 11ª CIPM no município de Cambé. | 2025OB029064;6;R$ 138,479.03;sim
SESP;SESP;11/04/2025;755;Reforma e ampliação da sede da 11ª CIPM no município de Cambé. | 2025OB029065;6;R$ 7,408.70;sim
SESP;SESP;14/04/2025;755;Reforma e ampliação da sede da 11ª CIPM no município de Cambé. | 2025OB029188;6;R$ 4,725.76;sim
SESP;SESP;14/04/2025;755;Reforma e ampliação da sede da 11ª CIPM no município de Cambé. | 2025OB029189;6;R$ 252.83;sim
SESP;SESP;24/04/2025;755;Harpya | 2025OB032002;6;R$ 25,040,848.14;sim
SEED;FUNDEPAR;08/04/2025;755;Construir a Escola Estadual Professora Mireille Maria Franco Zanon Machado, no município de Mandirituba (Unidade Nova Escolar Lagoinha). | 2025OB002587;12;R$ 3,043.69;sim
SEED;FUNDEPAR;08/04/2025;755;Construir a Escola Estadual Professora Mireille Maria Franco Zanon Machado, no município de Mandirituba (Unidade Nova Escolar Lagoinha). | 2025OB002588;12;R$ 6,726.39;sim
SEED;FUNDEPAR;08/04/2025;755;Construir a Escola Estadual Professora Mireille Maria Franco Zanon Machado, no município de Mandirituba (Unidade Nova Escolar Lagoinha). | 2025OB002589;12;R$ 550,762.44;sim
SEED;FUNDEPAR;17/04/2025;755;Ampliar o Colégio Estadual Moradias Lobato - EF M P, no município de Curitiba/Curitiba | 2025OB003160;12;R$ 7,009.38;sim
SEED;FUNDEPAR;17/04/2025;755;Ampliar o Colégio Estadual Moradias Lobato - EF M P, no município de Curitiba/Curitiba | 2025OB003161;12;R$ 5,381.48;sim
SEED;FUNDEPAR;17/04/2025;755;Ampliar o Colégio Estadual Moradias Lobato - EF M P, no município de Curitiba/Curitiba | 2025OB003162;12;R$ 436,065.63;sim
SEED;FUNDEPAR;23/04/2025;755;Ampliar o Colégio Estadual Nirlei Medeiros - EF EM PROFIS, no município de Curitiba/Curitiba | 2025OB003211;12;R$ 4,596.55;sim
SEED;FUNDEPAR;23/04/2025;755;Ampliar o Colégio Estadual Nirlei Medeiros - EF EM PROFIS, no município de Curitiba/Curitiba | 2025OB003212;12;R$ 323,963.20;sim
SEIL;DER;02/04/2025;755;Implantação da rodovia PR-990, no entroncamento da rodovia PR-364 e a cidade de Rebouças | 2025OB006083;26;R$ 6,436.01;sim
SEIL;DER;02/04/2025;755;Implantação da rodovia PR-990, no entroncamento da rodovia PR-364 e a cidade de Rebouças | 2025OB006084;26;R$ 16,090.04;sim
SEIL;DER;02/04/2025;755;Implantação da rodovia PR-990, no entroncamento da rodovia PR-364 e a cidade de Rebouças | 2025OB006085;26;R$ 513,808.53;sim
SEIL;DER;02/04/2025;755;"Duplicação Ponta Grossa ¿ Palmeira e implantação do Contorno Rodoviário de Palmeira - PR-151 - 49,11km
- VALOR CO R$ 294.660.000,00 | 2025OB006086";26;R$ 397,171.73;sim
SEIL;DER;03/04/2025;755;"Duplicação Ponta Grossa ¿ Palmeira e implantação do Contorno Rodoviário de Palmeira - PR-151 - 49,11km
- VALOR CO R$ 294.660.000,00 | 2025OB006152";26;R$ 4,905.20;sim
SEIL;DER;03/04/2025;755;"Duplicação Ponta Grossa ¿ Palmeira e implantação do Contorno Rodoviário de Palmeira - PR-151 - 49,11km
- VALOR CO R$ 294.660.000,00 | 2025OB006153";26;R$ 3,349.27;sim
SEIL;DER;03/04/2025;755;"Duplicação Ponta Grossa ¿ Palmeira e implantação do Contorno Rodoviário de Palmeira - PR-151 - 49,11km
- VALOR CO R$ 294.660.000,00 | 2025OB006154";26;R$ 3,340.44;sim
SEIL;DER;14/04/2025;755;Restauração em whitetopping na rodovia PRC-280, no trecho Clevelândia/Pato Branco | 2025OB006523;26;R$ 310,720.73;sim
SEIL;DER;14/04/2025;755;Restauração em whitetopping na rodovia PRC-280, no trecho Clevelândia/Pato Branco | 2025OB006524;26;R$ 385,254.87;sim
SEIL;DER;14/04/2025;755;Restauração em whitetopping na rodovia PRC-280, no trecho Clevelândia/Pato Branco | 2025OB006525;26;R$ 367,815.67;sim
SEIL;DER;14/04/2025;755;Restauração em whitetopping na rodovia PRC-280, no trecho Clevelândia/Pato Branco | 2025OB006526;26;R$ 41,558.90;sim
SEIL;DER;14/04/2025;755;Restauração em whitetopping na rodovia PRC-280, no trecho Clevelândia/Pato Branco | 2025OB006527;26;R$ 24,805.87;sim
SEIL;DER;14/04/2025;755;Restauração em whitetopping na rodovia PRC-280, no trecho Clevelândia/Pato Branco | 2025OB006528;26;R$ 24,763,238.59;sim
SEIL;DER;15/04/2025;755;Duplicação e restauração da rodovia PR-170/PRC-466, Turvo - Guarapuava | 2025OB006666;26;R$ 83,653.62;sim
SEIL;DER;15/04/2025;755;Duplicação e restauração da rodovia PR-170/PRC-466, Turvo - Guarapuava | 2025OB006667;26;R$ 52,283.50;sim
SEIL;DER;15/04/2025;755;"DUPLICAÇÃO E RESTAURAÇÃO DA RODOVIA PR-170/PRC-466, COM INICIO DO PERIMETRO URBANO DE
TURVO, E FINALIZANDO NO INÍCIO DA PISTA DUPLA EM GUARAPUAVA, NO ESTADO DO PARANÁ, NA
EXTENSÃO ESTIMADA DE 38,30KM - PALMEIRINHA E O INICIO DA PISTA DUPLA EM GUARAPUAVA - 11,52 KM | 2025OB006668";26;R$ 521,817.91;sim
SEIL;DER;15/04/2025;755;Duplicação e restauração da rodovia PR-170/PRC-466, Turvo - Guarapuava | 2025OB006669;26;R$ 6,261,010.40;sim
SEIL;DER;22/04/2025;755;"Duplicação Ponta Grossa ¿ Palmeira e implantação do Contorno Rodoviário de Palmeira - PR-151 - 49,11km
- VALOR CO R$ 294.660.000,00 | 2025OB006904";26;R$ 32,198.49;sim
SEIL;DER;22/04/2025;755;"Duplicação Ponta Grossa ¿ Palmeira e implantação do Contorno Rodoviário de Palmeira - PR-151 - 49,11km
- VALOR CO R$ 294.660.000,00 | 2025OB006905";26;R$ 21,985.13;sim
SEIL;DER;22/04/2025;755;"Duplicação Ponta Grossa ¿ Palmeira e implantação do Contorno Rodoviário de Palmeira - PR-151 - 49,11km
- VALOR CO R$ 294.660.000,00 | 2025OB006906";26;R$ 21,927.17;sim
SEIL;DER;22/04/2025;755;"Duplicação Ponta Grossa ¿ Palmeira e implantação do Contorno Rodoviário de Palmeira - PR-151 - 49,11km
- VALOR CO R$ 294.660.000,00 | 2025OB006909";26;R$ 2,607,096.72;sim
SEIL;DER;28/04/2025;755;Implantação da rodovia PR-990, no entroncamento da rodovia PR-364 e a cidade de Rebouças | 2025OB007442;26;R$ 734,593.39;sim
SEIL;DER;29/04/2025;755;Implantação da rodovia PR-990, no entroncamento da rodovia PR-364 e a cidade de Rebouças | 2025OB007551;26;R$ 9,201.59;sim
SEIL;DER;29/04/2025;755;Implantação da rodovia PR-990, no entroncamento da rodovia PR-364 e a cidade de Rebouças | 2025OB007552;26;R$ 23,003.97;sim
SEIL;DER;30/04/2025;755;Restauração com ampliação de capacidade da rodovia PR-180 trecho Goioerê | 2025OB007606;26;R$ 73,784.65;sim
SEIL;DER;30/04/2025;755;Restauração com ampliação de capacidade da rodovia PR-180 trecho Goioerê | 2025OB007607;26;R$ 61,044.50;sim
SEIL;DER;30/04/2025;755;Restauração com ampliação de capacidade da rodovia PR-180 trecho Goioerê | 2025OB007608;26;R$ 92,894.87;sim
SEIL;DER;30/04/2025;755;Restauração com ampliação de capacidade da rodovia PR-180 trecho Goioerê | 2025OB007609;26;R$ 5,920,996.83;sim
SECID;COHAPAR;06/05/2025;755;Construção de novas unidades habitacionais ou melhorias ou reformas, para pessoas idosas sem moradia, em Toledo | 2025OB001333;16;R$ 46,314.23;sim
SECID;COHAPAR;15/05/2025;755;Construção de novas unidades habitacionais ou melhorias ou reformas, para pessoas idosas sem moradia, em Toledo | 2025OB001491;16;R$ 2,310.12;sim
SECID;COHAPAR;21/05/2025;755;Construção de novas unidades habitacionais ou melhorias ou reformas, para pessoas idosas sem moradia, em Guaíra | 2025OB001581;16;R$ 71,839.09;sim
SECID;COHAPAR;23/05/2025;755;Construção de novas unidades habitacionais ou melhorias ou reformas, para pessoas idosas sem moradia, em Santo Antônio do Sudoeste | 2025OB001629;16;R$ 748,009.16;sim
SECID;COHAPAR;23/05/2025;755;Construção de novas unidades habitacionais ou melhorias ou reformas, para pessoas idosas sem moradia, em Toledo | 2025OB001630;16;R$ 77,442.42;sim
SECID;COHAPAR;23/05/2025;755;Construção de novas unidades habitacionais ou melhorias ou reformas, para pessoas idosas sem moradia, em Toledo | 2025OB001631;16;R$ 5,525.89;sim
SECID;COHAPAR;23/05/2025;755;Construção de novas unidades habitacionais ou melhorias ou reformas, para pessoas idosas sem moradia, em Toledo | 2025OB001632;16;R$ 3,304.74;sim
SEED;FUNDEPAR;16/05/2025;755;Construir a Escola Estadual Professora Mireille Maria Franco Zanon Machado, no município de Mandirituba (Unidade Nova Escolar Lagoinha). | 2025OB004069;12;R$ 2,603.59;sim
SEED;FUNDEPAR;16/05/2025;755;Construir a Escola Estadual Professora Mireille Maria Franco Zanon Machado, no município de Mandirituba (Unidade Nova Escolar Lagoinha). | 2025OB004070;12;R$ 5,753.81;sim
SEED;FUNDEPAR;16/05/2025;755;Construir a Escola Estadual Professora Mireille Maria Franco Zanon Machado, no município de Mandirituba (Unidade Nova Escolar Lagoinha). | 2025OB004071;12;R$ 471,126.72;sim
SEED;FUNDEPAR;21/05/2025;755;Ampliar o Colégio Estadual Nirlei Medeiros - EF EM PROFIS, no município de Curitiba/Curitiba | 2025OB004276;12;R$ 5,030.94;sim
SEED;FUNDEPAR;21/05/2025;755;Ampliar o Colégio Estadual Nirlei Medeiros - EF EM PROFIS, no município de Curitiba/Curitiba | 2025OB004277;12;R$ 354,578.63;sim
SEED;FUNDEPAR;22/05/2025;755;Ampliar o Colégio Estadual Nirlei Medeiros - EF EM PROFIS, no município de Curitiba/Curitiba | 2025OB004317;12;R$ 5,097.31;sim
SEED;FUNDEPAR;22/05/2025;755;Ampliar o Colégio Estadual Nirlei Medeiros - EF EM PROFIS, no município de Curitiba/Curitiba | 2025OB004318;12;R$ 359,256.34;sim
SEIL;DER;15/05/2025;755;Duplicação e restauração da rodovia PR-170/PRC-466, Turvo - Guarapuava | 2025OB008179;26;R$ 101,683.85;sim
SEIL;DER;15/05/2025;755;Duplicação e restauração da rodovia PR-170/PRC-466, Turvo - Guarapuava | 2025OB008180;26;R$ 63,552.40;sim
SEIL;DER;15/05/2025;755;Restauração em whitetopping na rodovia PRC-280, no trecho Clevelândia/Pato Branco | 2025OB008181;26;R$ 24,586,773.09;sim
SEIL;DER;15/05/2025;755;Duplicação e restauração da rodovia PR-170/PRC-466, Turvo - Guarapuava | 2025OB008182;26;R$ 8,249,553.91;sim
SEIL;DER;16/05/2025;755;Restauração em whitetopping na rodovia PRC-280, no trecho Clevelândia/Pato Branco | 2025OB008366;26;R$ 308,506.51;sim
SEIL;DER;16/05/2025;755;Restauração em whitetopping na rodovia PRC-280, no trecho Clevelândia/Pato Branco | 2025OB008367;26;R$ 382,509.50;sim
SEIL;DER;16/05/2025;755;Restauração em whitetopping na rodovia PRC-280, no trecho Clevelândia/Pato Branco | 2025OB008368;26;R$ 365,194.58;sim
SEIL;DER;16/05/2025;755;Restauração em whitetopping na rodovia PRC-280, no trecho Clevelândia/Pato Branco | 2025OB008369;26;R$ 41,262.75;sim
SEIL;DER;16/05/2025;755;Restauração em whitetopping na rodovia PRC-280, no trecho Clevelândia/Pato Branco | 2025OB008370;26;R$ 24,629.10;sim
SEIL;DER;16/05/2025;755;Execução de Projeto e Obra de Restauração com melhorias das Rodovias PR-180 e PR-281, no trecho Dois Vizinhos - Francisco Beltrão | 2025OB008371;26;R$ 9,934.69;sim
SEIL;DER;16/05/2025;755;Execução de Projeto e Obra de Restauração com melhorias das Rodovias PR-180 e PR-281, no trecho Dois Vizinhos - Francisco Beltrão | 2025OB008372;26;R$ 6,996.43;sim
SEIL;DER;16/05/2025;755;Execução de Projeto e Obra de Restauração com melhorias das Rodovias PR-180 e PR-281, no trecho Dois Vizinhos - Francisco Beltrão | 2025OB008373;26;R$ 5,630.16;sim
SEIL;DER;16/05/2025;755;Execução de Projeto e Obra de Restauração com melhorias das Rodovias PR-180 e PR-281, no trecho Dois Vizinhos - Francisco Beltrão | 2025OB008374;26;R$ 6,500.03;sim
SEIL;DER;16/05/2025;755;Execução de Projeto e Obra de Restauração com melhorias das Rodovias PR-180 e PR-281, no trecho Dois Vizinhos - Francisco Beltrão | 2025OB008375;26;R$ 99.51;sim
SEIL;DER;16/05/2025;755;Duplicação e restauração da rodovia PR-170/PRC-466, Pitanga-Turvo | 2025OB008376;26;R$ 22,727.78;sim
SEIL;DER;16/05/2025;755;Duplicação e restauração da rodovia PR-170/PRC-466, Pitanga-Turvo | 2025OB008377;26;R$ 22,312.99;sim
SEIL;DER;16/05/2025;755;Duplicação e restauração da rodovia PR-170/PRC-466, Pitanga-Turvo | 2025OB008378;26;R$ 26,688.09;sim
SEIL;DER;16/05/2025;755;Duplicação e restauração da rodovia PR-170/PRC-466, Turvo - Guarapuava | 2025OB008379;26;R$ 52,368.97;sim
SEIL;DER;16/05/2025;755;Duplicação e restauração da rodovia PR-170/PRC-466, Pitanga-Turvo | 2025OB008380;26;R$ 18,343.21;sim
SEIL;DER;16/05/2025;755;Execução de Projeto e Obra de Restauração com melhorias das Rodovias PR-180 e PR-281, no trecho Dois Vizinhos - Francisco Beltrão | 2025OB008381;26;R$ 807,092.33;sim
SEIL;DER;16/05/2025;755;Duplicação e restauração da rodovia PR-170/PRC-466, Pitanga-Turvo | 2025OB008382;26;R$ 1,803,909.07;sim
SEIL;DER;21/05/2025;755;Implantação da rodovia PR-990, no entroncamento da rodovia PR-364 e a cidade de Rebouças | 2025OB008722;26;R$ 11,239.64;sim
SEIL;DER;21/05/2025;755;Implantação da rodovia PR-990, no entroncamento da rodovia PR-364 e a cidade de Rebouças | 2025OB008723;26;R$ 28,099.10;sim
SEIL;DER;21/05/2025;755;Implantação da rodovia PR-990, no entroncamento da rodovia PR-364 e a cidade de Rebouças | 2025OB008724;26;R$ 897,298.08;sim
SEIL;DER;23/05/2025;755;Duplicação Ponta Grossa ¿ Palmeira e implantação do Contorno Rodoviário de Palmeira - PR-151 - 49,11km - VALOR CO R$ 294.660.000,00 | 2025OB009089;26;R$ 30,450.99;sim
SEIL;DER;23/05/2025;755;Duplicação Ponta Grossa ¿ Palmeira e implantação do Contorno Rodoviário de Palmeira - PR-151 - 49,11km - VALOR CO R$ 294.660.000,00 | 2025OB009090;26;R$ 20,791.94;sim
SEIL;DER;23/05/2025;755;Duplicação Ponta Grossa ¿ Palmeira e implantação do Contorno Rodoviário de Palmeira - PR-151 - 49,11km - VALOR CO R$ 294.660.000,00 | 2025OB009091;26;R$ 20,737.13;sim
SEIL;DER;23/05/2025;755;Duplicação Ponta Grossa ¿ Palmeira e implantação do Contorno Rodoviário de Palmeira - PR-151 - 49,11km - VALOR CO R$ 294.660.000,00 | 2025OB009092;26;R$ 2,465,602.93;sim
SEIL;DER;26/05/2025;755;Restauração com ampliação de capacidade da rodovia PR-180 trecho Goioerê | 2025OB009161;26;R$ 70,749.23;sim
SEIL;DER;26/05/2025;755;Restauração com ampliação de capacidade da rodovia PR-180 trecho Goioerê | 2025OB009162;26;R$ 58,533.19;sim
SEIL;DER;26/05/2025;755;Restauração com ampliação de capacidade da rodovia PR-180 trecho Goioerê | 2025OB009163;26;R$ 89,073.27;sim
SEIL;DER;26/05/2025;755;Restauração com ampliação de capacidade da rodovia PR-180 trecho Goioerê | 2025OB009164;26;R$ 5,677,413.06;sim
SEIL;DER;27/05/2025;755;Duplicação e restauração da rodovia PR-170/PRC-466, Pitanga-Turvo | 2025OB009264;26;R$ 1,569.32;sim
SEIL;DER;27/05/2025;755;Duplicação e restauração da rodovia PR-170/PRC-466, Pitanga-Turvo | 2025OB009265;26;R$ 1,842.78;sim
SEIL;DER;27/05/2025;755;Duplicação e restauração da rodovia PR-170/PRC-466, Pitanga-Turvo | 2025OB009266;26;R$ 1,266.58;sim
SEIL;DER;27/05/2025;755;Duplicação e restauração da rodovia PR-170/PRC-466, Pitanga-Turvo | 2025OB009267;26;R$ 1,540.68;sim
SEIL;DER;27/05/2025;755;Duplicação e restauração da rodovia PR-170/PRC-466, Pitanga-Turvo | 2025OB009268;26;R$ 124,557.57;sim
SEIL;DER;29/05/2025;755;ELABORAÇÃO DE PROJETO BÁSICO, PROJETO EXECUTIVO E EXECUÇÃO DA OBRA DE IMPLANTAÇÃO PR-092, TRECHO:CERRO AZUL - DOUTOR ULYSSES, LOTE 01, EXT. 12,000 KM - A FRENTE PARANÁ. | 2025OB009419;26;R$ 5,399.84;sim
SEIL;DER;29/05/2025;755;ELABORAÇÃO DE PROJETO BÁSICO, PROJETO EXECUTIVO E EXECUÇÃO DA OBRA DE IMPLANTAÇÃO PR-092, TRECHO:CERRO AZUL - DOUTOR ULYSSES, LOTE 01, EXT. 12,000 KM - A FRENTE PARANÁ. | 2025OB009420;26;R$ 7,199.80;sim
SEIL;DER;29/05/2025;755;ELABORAÇÃO DE PROJETO BÁSICO, PROJETO EXECUTIVO E EXECUÇÃO DA OBRA DE IMPLANTAÇÃO PR-092, TRECHO:CERRO AZUL - DOUTOR ULYSSES, LOTE 01, EXT. 12,000 KM - A FRENTE PARANÁ. | 2025OB009421;26;R$ 587,383.51;sim
SEPL;SEPL;29/05/2025;755;Centro de Convenções de Foz do Iguaçu | 2025OB000480;4;R$ 60,000,000.00;sim
SEPL;SEPL;29/05/2025;755;Centro de Convenções de Foz do Iguaçu | 2025OB000481;4;R$ 14,269,000.00;sim
SESP;SESP;07/05/2025;755;Reforma e ampliação da sede da 11ª CIPM CIPM no município de Cambé. | 2025OB036872;6;R$ 5,960.22;sim
SESP;SESP;07/05/2025;755;Reforma e ampliação da sede da 11ª CIPM CIPM no município de Cambé. | 2025OB036873;6;R$ 174,652.59;sim
SESP;SESP;27/05/2025;755;Reforma e ampliação da sede da 11ª CIPMCIPM no município de Cambé. | 2025OB046679;6;R$ 205,404.61;sim
SESP;SESP;28/05/2025;755;Harpya | 2025OB047944;6;R$ 2,187,471.20;sim
SESP;SESP;10/06/2025;755;Reforma e ampliação da sede da 11ª CIPM no município de Cambé. | 2025OB052516;6;R$ 7,009.67;sim
SESP;SESP;16/06/2025;755;Paraná Blindado | 2025OB057589;6;R$ 112,318.24;sim
SESP;SESP;16/06/2025;755;Paraná Blindado | 2025OB057589;6;R$ 98,278.46;sim
SESP;SESP;16/06/2025;755;Patrulha Costeira | 2025OB057589;6;R$ 26,568.48;sim
SESP;SESP;16/06/2025;755;Harpya | 2025OB057589;6;R$ 351,044.48;sim
SESP;SESP;16/06/2025;755;Harpya | 2025OB057590;6;R$ 3,861,813.84;sim
SEED;FUNDEPAR;02/06/2025;755;Estadual Moradias Lobato | 2025OB004681;12;R$ 7,120.58;sim
SEED;FUNDEPAR;02/06/2025;755;Estadual Moradias Lobato | 2025OB004682;12;R$ 5,466.86;sim
SEED;FUNDEPAR;02/06/2025;755;Estadual Moradias Lobato | 2025OB004683;12;R$ 442,984.05;sim
SEED;FUNDEPAR;05/06/2025;755;Construir a Escola Estadual Professora Mireille Maria Franco Zanon Machado, no município de Mandirituba (Unidade Nova Escolar Lagoinha). | 2025OB004836;12;R$ 2,884.92;sim
SEED;FUNDEPAR;05/06/2025;755;Construir a Escola Estadual Professora Mireille Maria Franco Zanon Machado, no município de Mandirituba (Unidade Nova Escolar Lagoinha). | 2025OB004837;12;R$ 6,375.51;sim
SEED;FUNDEPAR;05/06/2025;755;Construir a Escola Estadual Professora Mireille Maria Franco Zanon Machado, no município de Mandirituba (Unidade Nova Escolar Lagoinha).| 2025OB004838;12;R$ 126,632.31;sim
SEED;FUNDEPAR;05/06/2025;755;Construir a Escola Estadual Professora Mireille Maria Franco Zanon Machado, no município de Mandirituba (Unidade Nova Escolar Lagoinha).| 2025OB004839;12;R$ 395,400.15;sim
SEED;FUNDEPAR;06/06/2025;755;Colégio Estadual Pinheiro do Paraná | 2025OB004884;12;R$ 12,046.99;sim
SEED;FUNDEPAR;06/06/2025;755;Colégio Estadual Pinheiro do Paraná | 2025OB004885;12;R$ 2,891.28;sim
SEED;FUNDEPAR;06/06/2025;755;Colégio Estadual Pinheiro do Paraná | 2025OB004886;12;R$ 226,001.69;sim
SEED;FUNDEPAR;11/06/2025;755;Colégio Estadual Nirlei Medeiros | 2025OB004972;12;R$ 5,166.96;sim
SEED;FUNDEPAR;11/06/2025;755;Colégio Estadual Nirlei Medeiros | 2025OB004973;12;R$ 364,165.55;sim
SEED;FUNDEPAR;16/06/2025;755;Colégio Estadual Pinheiro do Paraná | 2025OB005110;12;R$ 13,905.70;sim
SEED;FUNDEPAR;16/06/2025;755;Colégio Estadual Pinheiro do Paraná | 2025OB005111;12;R$ 3,337.37;sim
SEED;FUNDEPAR;16/06/2025;755;Colégio Estadual Pinheiro do Paraná | 2025OB005112;12;R$ 260,870.94;sim
SECID;COHAPAR;24/06/2025;755;Construção de novas unidades habitacionais ou melhorias ou reformas, para pessoas idosas sem moradia, em Guaíra | 2025OB001977;16;R$ 154,494.69;sim
SECID;COHAPAR;24/06/2025;755;Construção de novas unidades habitacionais ou melhorias ou reformas, para pessoas idosas sem moradia, em Toledo | 2025OB001978;16;R$ 13,539.48;sim
SECID;COHAPAR;24/06/2025;755;Construção de novas unidades habitacionais ou melhorias ou reformas, para pessoas idosas sem moradia, em Toledo | 2025OB001979;16;R$ 189,748.56;sim
SECID;COHAPAR;24/06/2025;755;Construção de novas unidades habitacionais ou melhorias ou reformas, para pessoas idosas sem moradia, em Santo Antônio do Sudoeste | 2025OB002003;16;R$ 27,385.48;sim
SECID;COHAPAR;24/06/2025;755;Construção de novas unidades habitacionais ou melhorias ou reformas, para pessoas idosas sem moradia, em Guaíra | 2025OB002004;16;R$ 3,576.96;sim
SECID;COHAPAR;26/06/2025;755;Construção de novas unidades habitacionais ou melhorias ou reformas, para pessoas idosas sem moradia, em Santo Antônio do Sudoeste | 2025OB002004;16;R$ 38,750.58;sim
SECID;COHAPAR;26/06/2025;755;Construção de novas unidades habitacionais ou melhorias ou reformas, para pessoas idosas sem moradia, em Toledo | 2025OB002004;16;R$ 3,862.77;sim
SECID;COHAPAR;26/06/2025;755;Construção de novas unidades habitacionais ou melhorias ou reformas, para pessoas idosas sem moradia, em Toledo | 2025OB002004;16;R$ 164.84;sim
SECID;COHAPAR;26/06/2025;755;Construção de novas unidades habitacionais ou melhorias ou reformas, para pessoas idosas sem moradia, em Toledo | 2025OB002004;16;R$ 275.63;sim
SEIL;DER;11/06/2025;755;Duplicação e restauração da rodovia PR-170/PRC-466, Turvo - Guarapuava | 2025OB009881;26;R$ 122,136.86;sim
SEIL;DER;11/06/2025;755;Duplicação e restauração da rodovia PR-170/PRC-466, Turvo - Guarapuava | 2025OB009882;26;R$ 76,335.54;sim
SEIL;DER;11/06/2025;755;Duplicação e restauração da rodovia PR-170/PRC-466, Turvo - Guarapuava | 2025OB009883;26;R$ 9,864,712.61;sim
SEIL;DER;12/06/2025;755;Duplicação Ponta Grossa ¿ Palmeira e implantação do Contorno Rodoviário de Palmeira - PR-151 - 49,11km - VALOR CO R$ 294.660.000,00 | 2025OB009967;26;R$ 38,399.32;sim
SEIL;DER;12/06/2025;755;Duplicação Ponta Grossa ¿ Palmeira e implantação do Contorno Rodoviário de Palmeira - PR-151 - 49,11km - VALOR CO R$ 294.660.000,00 | 2025OB009968;26;R$ 26,219.06;sim
SEIL;DER;12/06/2025;755;Duplicação Ponta Grossa ¿ Palmeira e implantação do Contorno Rodoviário de Palmeira - PR-151 - 49,11km - VALOR CO R$ 294.660.000,00 | 2025OB009969;26;R$ 26,149.94;sim
SEIL;DER;12/06/2025;755;Duplicação Ponta Grossa ¿ Palmeira e implantação do Contorno Rodoviário de Palmeira - PR-151 - 49,11km - VALOR CO R$ 294.660.000,00 | 2025OB009970;26;R$ 3,109,175.62;sim
SEIL;DER;13/06/2025;755;Duplicação e restauração da rodovia PR-170/PRC-466, Turvo - Guarapuava | 2025OB010176;26;R$ 58,863.87;sim
SEIL;DER;13/06/2025;755;Restauração em whitetopping na rodovia PRC-280, no trecho Clevelândia/Pato Branco | 2025OB010177;26;R$ 27,165,273.65;sim
SEIL;DER;16/06/2025;755;Restauração em whitetopping na rodovia PRC-280, no trecho Clevelândia/Pato Branco | 2025OB010317;26;R$ 340,860.67;sim
SEIL;DER;16/06/2025;755;Restauração em whitetopping na rodovia PRC-280, no trecho Clevelândia/Pato Branco | 2025OB010318;26;R$ 422,624.61;sim
SEIL;DER;16/06/2025;755;Restauração em whitetopping na rodovia PRC-280, no trecho Clevelândia/Pato Branco | 2025OB010319;26;R$ 403,493.80;sim
SEIL;DER;16/06/2025;755;Restauração em whitetopping na rodovia PRC-280, no trecho Clevelândia/Pato Branco | 2025OB010320;26;R$ 45,590.11;sim
SEIL;DER;16/06/2025;755;Restauração em whitetopping na rodovia PRC-280, no trecho Clevelândia/Pato Branco | 2025OB010321;26;R$ 27,212.04;sim
SEIL;DER;17/06/2025;755;Duplicação e restauração da rodovia PR-170/PRC-466, Pitanga-Turvo | 2025OB010434;26;R$ 15,928.34;sim
SEIL;DER;17/06/2025;755;Duplicação e restauração da rodovia PR-170/PRC-466, Pitanga-Turvo | 2025OB010435;26;R$ 15,637.65;sim
SEIL;DER;17/06/2025;755;Duplicação e restauração da rodovia PR-170/PRC-466, Pitanga-Turvo | 2025OB010436;26;R$ 18,703.85;sim
SEIL;DER;17/06/2025;755;Duplicação e restauração da rodovia PR-170/PRC-466, Pitanga-Turvo | 2025OB010437;26;R$ 12,855.50;sim
SEIL;DER;17/06/2025;755;Duplicação e restauração da rodovia PR-170/PRC-466, Pitanga-Turvo | 2025OB010438;26;R$ 1,264,236.30;sim
SEIL;DER;17/06/2025;755;Duplicação e restauração e ampliação capacidade rodoviária PR-412, no trecho Matinhos a Praia de Leste | 2025OB010439;26;R$ 50,522.30;sim
SEIL;DER;18/06/2025;755;Duplicação e restauração e ampliação capacidade rodoviária PR-412, no trecho Matinhos a Praia de Leste | 2025OB010679;26;R$ 646.34;sim
SEIL;DER;18/06/2025;755;Duplicação e restauração e ampliação capacidade rodoviária PR-412, no trecho Matinhos a Praia de Leste | 2025OB010680;26;R$ 2,329.52;sim
SEIL;DER;18/06/2025;755;Duplicação e restauração e ampliação capacidade rodoviária PR-412, no trecho Matinhos a Praia de Leste | 2025OB010681;26;R$ 363.57;sim
SEIL;DER;18/06/2025;755;Execução de Projeto e Obra de Restauração com melhorias das Rodovias PR-180 e PR-281, no trecho Dois Vizinhos - Francisco Beltrão | 2025OB010682;26;R$ 2,183.23;sim
SEIL;DER;18/06/2025;755;Execução de Projeto e Obra de Restauração com melhorias das Rodovias PR-180 e PR-281, no trecho Dois Vizinhos - Francisco Beltrão | 2025OB010683;26;R$ 1,536.37;sim
SEIL;DER;18/06/2025;755;Execução de Projeto e Obra de Restauração com melhorias das Rodovias PR-180 e PR-281, no trecho Dois Vizinhos - Francisco Beltrão | 2025OB010684;26;R$ 1,237.66;sim
SEIL;DER;18/06/2025;755;Execução de Projeto e Obra de Restauração com melhorias das Rodovias PR-180 e PR-281, no trecho Dois Vizinhos - Francisco Beltrão | 2025OB010685;26;R$ 1,446.96;sim
SEIL;DER;18/06/2025;755;Execução de Projeto e Obra de Restauração com melhorias das Rodovias PR-180 e PR-281, no trecho Dois Vizinhos - Francisco Beltrão | 2025OB010686;26;R$ 177,369.15;sim
SEIL;DER;23/06/2025;755;Execução de Projeto e Obra de Restauração com melhorias das Rodovias PR-180 e PR-281, no trecho Dois Vizinhos - Francisco Beltrão | 2025OB010834;26;R$ 99.51;sim
SEIL;DER;23/06/2025;755;Execução de Projeto e Obra de Restauração com melhorias das Rodovias PR-180 e PR-281, no trecho Dois Vizinhos - Francisco Beltrão | 2025OB010835;26;R$ 6,500.03;sim
SEIL;DER;23/06/2025;755;Execução de Projeto e Obra de Restauração com melhorias das Rodovias PR-180 e PR-281, no trecho Dois Vizinhos - Francisco Beltrão | 2025OB010836;26;R$ 5,630.16;sim
SEIL;DER;23/06/2025;755;Execução de Projeto e Obra de Restauração com melhorias das Rodovias PR-180 e PR-281, no trecho Dois Vizinhos - Francisco Beltrão | 2025OB010837;26;R$ 6,996.43;sim
SEIL;DER;23/06/2025;755;Execução de Projeto e Obra de Restauração com melhorias das Rodovias PR-180 e PR-281, no trecho Dois Vizinhos - Francisco Beltrão | 2025OB010838;26;R$ 9,934.69;sim
SEIL;DER;23/06/2025;755;Execução de Projeto e Obra de Restauração com melhorias das Rodovias PR-180 e PR-281, no trecho Dois Vizinhos - Francisco Beltrão | 2025OB010839;26;R$ 807,092.33;sim
SEIL;DER;30/06/2025;755;Implantação da rodovia PR-990, no entroncamento da rodovia PR-364 e a cidade de Rebouças | 2025OB011474;26;R$ 15,564.66;sim
SEIL;DER;30/06/2025;755;Implantação da rodovia PR-990, no entroncamento da rodovia PR-364 e a cidade de Rebouças | 2025OB011475;26;R$ 38,911.64;sim
SEIL;DER;30/06/2025;755;Implantação da rodovia PR-990, no entroncamento da rodovia PR-364 e a cidade de Rebouças | 2025OB011476;26;R$ 1,242,578.44;sim
SESP;SESP;10/07/2025;755;Reforma e ampliação da sede da 11ª CIPM no município de Cambé. | 2025OB066578;6;R$ 4,789.07;sim
SESP;SESP;11/07/2025;755;Reforma e ampliação da sede da 11ª CIPM no município de Cambé. | 2025OB067635;6;R$ 140,334.19;sim
SESP;SESP;15/07/2025;755;Construção da sede do Batalhão de Operações Especiais, em São José dos Pinhais - BOPE | 2025OB069081;6;R$ 3,327.54;sim
SESP;SESP;15/07/2025;755;Construção da sede do Batalhão de Operações Especiais, em São José dos Pinhais - BOPE | 2025OB069081;6;R$ 11,219.58;sim
SESP;SESP;15/07/2025;755;Construção da sede do Batalhão de Operações Especiais, em São José dos Pinhais - BOPE | 2025OB069081;6;R$ 13,530.43;sim
SESP;SESP;15/07/2025;755;Construção da sede do Batalhão de Operações Especiais, em São José dos Pinhais - BOPE | 2025OB069081;6;R$ 12,480.33;sim
SESP;SESP;15/07/2025;755;Construção da sede do Batalhão de Operações Especiais, em São José dos Pinhais - BOPE | 2025OB069082;6;R$ 271,887.95;sim
SESP;SESP;15/07/2025;755;Construção da sede do Batalhão de Operações Especiais, em São José dos Pinhais - BOPE | 2025OB069083;6;R$ 908,245.73;sim
SESP;SESP;15/07/2025;755;Construção da sede do Batalhão de Operações Especiais, em São José dos Pinhais - BOPE | 2025OB069084;6;R$ 1,090,106.65;sim
SESP;SESP;15/07/2025;755;Construção da sede do Batalhão de Operações Especiais, em São José dos Pinhais - BOPE | 2025OB069085;6;R$ 627,964.58;sim
SESP;SESP;16/07/2025;755;Construção da sede do Batalhão de Operações Especiais, em São José dos Pinhais - BOPE | 2025OB069455;6;R$ 2,079.71;sim
SESP;SESP;16/07/2025;755;Construção da sede do Batalhão de Operações Especiais, em São José dos Pinhais - BOPE | 2025OB069455;6;R$ 15,499.35;sim
SESP;SESP;16/07/2025;755;Construção da sede do Batalhão de Operações Especiais, em São José dos Pinhais - BOPE | 2025OB069455;6;R$ 23,899.05;sim
SESP;SESP;16/07/2025;755;Construção da sede do Batalhão de Operações Especiais, em São José dos Pinhais - BOPE | 2025OB069455;6;R$ 19,759.10;sim
SESP;SESP;23/07/2025;755;Construção da sede do Batalhão de Operações Especiais, em São José dos Pinhais - BOPE | 2025OB073524;6;R$ 13,418.51;sim
SESP;SESP;23/07/2025;755;Construção da sede do Batalhão de Operações Especiais, em São José dos Pinhais - BOPE | 2025OB073525;6;R$ 8,149.75;sim
SESP;SESP;23/07/2025;755;Construção da sede do Batalhão de Operações Especiais, em São José dos Pinhais - BOPE | 2025OB073526;6;R$ 23,970.95;sim
SESP;SESP;23/07/2025;755;Construção da sede do Batalhão de Operações Especiais, em São José dos Pinhais - BOPE | 2025OB073526;6;R$ 12,932.60;sim
SESP;SESP;23/07/2025;755;Construção da sede do Batalhão de Operações Especiais, em São José dos Pinhais - BOPE | 2025OB073527;6;R$ 379,823.89;sim
SESP;SESP;23/07/2025;755;Construção da sede do Batalhão de Operações Especiais, em São José dos Pinhais - BOPE | 2025OB073528;6;R$ 1,080,819.48;sim
SESP;SESP;23/07/2025;755;Construção da sede do Batalhão de Operações Especiais, em São José dos Pinhais - BOPE | 2025OB073529;6;R$ 658,063.88;sim
SESP;SESP;25/07/2025;755;Construção da sede do Batalhão de Operações Especiais, em São José dos Pinhais - BOPE | 2025OB074946;6;R$ 4,062.79;sim
SESP;SESP;25/07/2025;755;Construção da sede do Batalhão de Operações Especiais, em São José dos Pinhais - BOPE | 2025OB074946;6;R$ 2,818.64;sim
SESP;SESP;25/07/2025;755;Construção da sede do Batalhão de Operações Especiais, em São José dos Pinhais - BOPE | 2025OB074947;6;R$ 560.32;sim
SESP;SESP;25/07/2025;755;Construção da sede do Batalhão de Operações Especiais, em São José dos Pinhais - BOPE | 2025OB074947;6;R$ 168.87;sim
SESP;SESP;25/07/2025;755;Construção da sede do Batalhão de Operações Especiais, em São José dos Pinhais - BOPE | 2025OB074947;6;R$ 1,421.68;sim
SESP;SESP;25/07/2025;755;Construção da sede do Batalhão de Operações Especiais, em São José dos Pinhais - BOPE | 2025OB074947;6;R$ 1,366.80;sim
SESP;SESP;29/07/2025;755;Construção da sede do Batalhão de Operações Especiais, em São José dos Pinhais- BOPE | 2025OB076064;6;R$ 3,734.71;sim
SESP;SESP;29/07/2025;755;Construção da sede do Batalhão de Operações Especiais, em São José dos Pinhais - BOPE | 2025OB076064;6;R$ 2,614.56;sim
SESP;SESP;29/07/2025;755;Construção da sede do Batalhão de Operações Especiais, em São José dos Pinhais - BOPE | 2025OB076064;6;R$ 350.19;sim
SESP;SESP;29/07/2025;755;Construção da sede do Batalhão de Operações Especiais, em São José dos Pinhais - BOPE | 2025OB076064;6;R$ 105.54;sim
SESP;SESP;29/07/2025;755;Construção da sede do Batalhão de Operações Especiais, em São José dos Pinhais - BOPE | 2025OB076064;6;R$ 888.55;sim
SESP;SESP;29/07/2025;755;Construção da sede do Batalhão de Operações Especiais, em São José dos Pinhais - BOPE | 2025OB076064;6;R$ 854.25;sim
SESP;SESP;29/07/2025;755;Construção da sede do Batalhão de Operações Especiais, em São José dos Pinhais - BOPE | 2025OB076065;6;R$ 330,768.30;sim
SESP;SESP;29/07/2025;755;Construção da sede do Batalhão de Operações Especiais, em São José dos Pinhais - BOPE | 2025OB076066;6;R$ 229,453.18;sim
SESP;SESP;29/07/2025;755;Construção da sede do Batalhão de Operações Especiais, em São José dos Pinhais - BOPE | 2025OB076067;6;R$ 45,782.53;sim
SESP;SESP;29/07/2025;755;Construção da sede do Batalhão de Operações Especiais, em São José dos Pinhais - BOPE | 2025OB076068;6;R$ 116,163.31;sim
SESP;SESP;29/07/2025;755;Construção da sede do Batalhão de Operações Especiais, em São José dos Pinhais - BOPE | 2025OB076069;6;R$ 13,797.92;sim
SESP;SESP;29/07/2025;755;Construção da sede do Batalhão de Operações Especiais, em São José dos Pinhais - BOPE | 2025OB076070;6;R$ 111,679.27;sim
SEED;FUNDEPAR;04/07/2025;755;Ampliar o Colégio Estadual Nirlei Medeiros - EF EM PROFIS, no município de Curitiba/Curitiba | 2025OB005655;12;R$ 364,165.55;sim
SEED;FUNDEPAR;08/07/2025;755;Construir a Escola Estadual Professora Mireille Maria Franco Zanon Machado, no município de Mandirituba. | 2025OB005766;12;R$ 2,994.20;sim
SEED;FUNDEPAR;08/07/2025;755;Construir a Escola Estadual Professora Mireille Maria Franco Zanon Machado, no município de Mandirituba. | 2025OB005767;12;R$ 6,617.02;sim
SEED;FUNDEPAR;08/07/2025;755;Construir a Escola Estadual Professora Mireille Maria Franco Zanon Machado, no município de Mandirituba. | 2025OB005768;12;R$ 541,806.81;sim
SEED;FUNDEPAR;09/07/2025;755;Ampliar o Colégio Estadual Nirlei Medeiros - EF EM PROFIS, no município de Curitiba/Curitiba | 2025OB005812;12;R$ 5,166.96;sim
SEED;FUNDEPAR;09/07/2025;755;Construir Unidade Nova Escolar Bairro Fraron | 2025OB005813;12;R$ 424.85;sim
SEED;FUNDEPAR;09/07/2025;755;Construir Unidade Nova Escolar Bairro Fraron | 2025OB005814;12;R$ 708.08;sim
SEED;FUNDEPAR;10/07/2025;755;Construir Unidade Nova Escolar Bairro Fraron | 2025OB005862;12;R$ 34,271.12;sim
SEED;FUNDEPAR;17/07/2025;755;Ampliar o Colégio Estadual Moradias Lobato - EF M P, no município de Curitiba/Curitiba | 2025OB006195;12;R$ 4,933.88;sim
SEED;FUNDEPAR;17/07/2025;755;Ampliar o Colégio Estadual Moradias Lobato - EF M P, no município de Curitiba/Curitiba | 2025OB006196;12;R$ 3,788.01;sim
SEED;FUNDEPAR;17/07/2025;755;Ampliar o Colégio Estadual Moradias Lobato - EF M P, no município de Curitiba/Curitiba | 2025OB006197;12;R$ 218,051.83;sim
SEED;FUNDEPAR;17/07/2025;755;Ampliar o Colégio Estadual Moradias Lobato - EF M P, no município de Curitiba/Curitiba | 2025OB006198;12;R$ 88,893.69;sim
SEED;FUNDEPAR;23/07/2025;755;Ampliar o Colégio Estadual Nirlei Medeiros - EF EM PROFIS, no município de Curitiba/Curitiba | 2025OB006435;12;R$ 5,126.32;sim
SEED;FUNDEPAR;23/07/2025;755;Ampliar o Colégio Estadual Nirlei Medeiros - EF EM PROFIS, no município de Curitiba/Curitiba | 2025OB006436;12;R$ 173,451.67;sim
SEED;FUNDEPAR;23/07/2025;755;Ampliar o Colégio Estadual Nirlei Medeiros - EF EM PROFIS, no município de Curitiba/Curitiba | 2025OB006437;12;R$ 187,849.32;sim
SECID;COHAPAR;11/07/2025;755;Construção de novas unidades habitacionais ou melhorias ou reformas, para pessoas idosas sem moradia, em Toledo | 2025OB002387;16;R$ 9,464.52;sim
SECID;COHAPAR;11/07/2025;755;Construção de novas unidades habitacionais ou melhorias ou reformas, para pessoas idosas sem moradia, em Toledo | 2025OB002387;16;R$ 675.34;sim
SECID;COHAPAR;11/07/2025;755;Construção de novas unidades habitacionais ou melhorias ou reformas, para pessoas idosas sem moradia, em Guaíra | 2025OB002387;16;R$ 7,692.49;sim
SECID;COHAPAR;11/07/2025;755;Construção de novas unidades habitacionais por meio do Programa de Habitação Urbana do governo do Estado. As famílias são atendidas com ações habitacionais no meio Urbano, contemplando novas unidades, melhorias ou reformas, por meio de auxilio financeiro e/ou de serviços. | 2025OB002387;16;R$ 1,418.70;sim
SECID;COHAPAR;17/07/2025;755;Construção de novas unidades habitacionais ou melhorias ou reformas, para pessoas idosas sem moradia, em Toledo | 2025OB002487;16;R$ 135,703.93;sim
SECID;COHAPAR;18/07/2025;755;Construção de novas unidades habitacionais ou melhorias ou reformas, para Pessoas Idosas sem moradia, em Loanda | 2025OB002500;16;R$ 173,160.00;sim
SECID;COHAPAR;18/07/2025;755;Construção de novas unidades habitacionais ou melhorias ou reformas, para pessoas idosas sem moradia, em Toledo | 2025OB002501;16;R$ 9,683.13;sim
SECID;COHAPAR;21/07/2025;755;Construção de novas unidades habitacionais ou melhorias ou reformas, para Pessoas Idosas sem moradia, em Loanda | 2025OB002506;16;R$ 787,575.96;sim
SECID;COHAPAR;22/07/2025;755;Construção de novas unidades habitacionais ou melhorias ou reformas, para pessoas idosas sem moradia, em São Miguel do Iguaçu | 2025OB002515;16;R$ 676,748.09;sim
SECID;COHAPAR;22/07/2025;755;Construção de novas unidades habitacionais ou melhorias ou reformas, para pessoas idosas sem moradia, em Guaíra | 2025OB002516;16;R$ 192,091.48;sim
SECID;COHAPAR;24/07/2025;755;Construção de novas unidades habitacionais ou melhorias ou reformas, para pessoas idosas sem moradia, em Guaíra | 2025OB002530;16;R$ 14,488.63;sim
SECID;COHAPAR;24/07/2025;755;Construção de novas unidades habitacionais ou melhorias ou reformas, para pessoas idosas sem moradia, em Guaíra | 2025OB002531;16;R$ 5,418.52;sim
SECID;COHAPAR;24/07/2025;755;Construção de novas unidades habitacionais ou melhorias ou reformas, para pessoas idosas sem moradia, em Guaíra | 2025OB002532;16;R$ 11,652.87;sim
SECID;COHAPAR;24/07/2025;755;Construção de novas unidades habitacionais ou melhorias ou reformas, para pessoas idosas sem moradia, em Goioerê | 2025OB002533;16;R$ 4,345.61;sim
SECID;COHAPAR;24/07/2025;755;Construção de novas unidades habitacionais ou melhorias ou reformas, para pessoas idosas sem moradia, em Goioerê | 2025OB002534;16;R$ 800,000.00;sim
SECID;COHAPAR;24/07/2025;755;Construção de novas unidades habitacionais ou melhorias ou reformas, para pessoas idosas sem moradia, em Goioerê | 2025OB002535;16;R$ 59,691.85;sim
SECID;COHAPAR;25/07/2025;755;Construção de novas unidades habitacionais ou melhorias ou reformas, para pessoas idosas sem moradia, em Santo Antônio do Sudoeste | 2025OB002585;16;R$ 2,065.56;sim
SECID;COHAPAR;25/07/2025;755;Construção de novas unidades habitacionais ou melhorias ou reformas, para pessoas idosas sem moradia, em Santo Antônio do Sudoeste | 2025OB002586;16;R$ 56,419.09;sim
SECID;COHAPAR;25/07/2025;755;Construção de novas unidades habitacionais ou melhorias ou reformas, para pessoas idosas sem moradia, em Santo Antônio do Sudoeste | 2025OB002587;16;R$ 161,498.84;sim
SECID;COHAPAR;25/07/2025;755;Construção de novas unidades habitacionais ou melhorias ou reformas, para pessoas idosas sem moradia, em Santo Antônio do Sudoeste | 2025OB002588;16;R$ 12,181.16;sim
SEIL;DER;01/07/2025;755;ELABORAÇÃO DE PROJETO BÁSICO, PROJETO EXECUTIVO E EXECUÇÃO DA OBRA DE IMPLANTAÇÃO PR-092, TRECHO:CERRO AZUL - DOUTOR ULYSSES, LOTE 01, EXT. 12,000 KM - A FRENTE PARANÁ. | 2025OB011558;26;R$ 410,396.05;sim
SEIL;DER;03/07/2025;755;ELABORAÇÃO DE PROJETO BÁSICO, PROJETO EXECUTIVO E EXECUÇÃO DA OBRA DE IMPLANTAÇÃO PR-092, TRECHO:CERRO AZUL - DOUTOR ULYSSES, LOTE 01, EXT. 12,000 KM - A FRENTE PARANÁ. | 2025OB011662;26;R$ 5,030.39;sim
SEIL;DER;03/07/2025;755;ELABORAÇÃO DE PROJETO BÁSICO, PROJETO EXECUTIVO E EXECUÇÃO DA OBRA DE IMPLANTAÇÃO PR-092, TRECHO:CERRO AZUL - DOUTOR ULYSSES, LOTE 01, EXT. 12,000 KM - A FRENTE PARANÁ. | 2025OB011663;26;R$ 3,772.79;sim
SEIL;DER;10/07/2025;755;Duplicação e restauração e ampliação capacidade rodoviária PR-412, no trecho Matinhos a Praia de Leste | 2025OB011986;26;R$ 7,503.00;sim
SEIL;DER;10/07/2025;755;Duplicação e restauração e ampliação capacidade rodoviária PR-412, no trecho Matinhos a Praia de Leste | 2025OB011987;26;R$ 23,100.75;sim
SEIL;DER;10/07/2025;755;Duplicação e restauração e ampliação capacidade rodoviária PR-412, no trecho Matinhos a Praia de Leste | 2025OB011988;26;R$ 289.85;sim
SEIL;DER;10/07/2025;755;Duplicação e restauração e ampliação capacidade rodoviária PR-412, no trecho Matinhos a Praia de Leste | 2025OB011989;26;R$ 594,356.56;sim
SEIL;DER;11/07/2025;755;Duplicação e restauração da rodovia PR-170/PRC-466, Turvo - Guarapuava | 2025OB012145;26;R$ 114,886.09;sim
SEIL;DER;11/07/2025;755;Restauração com ampliação de capacidade da rodovia PR-180 trecho Goioerê | 2025OB012146;26;R$ 28,257.87;sim
SEIL;DER;11/07/2025;755;Restauração com ampliação de capacidade da rodovia PR-180 trecho Goioerê | 2025OB012147;26;R$ 23,378.68;sim
SEIL;DER;11/07/2025;755;Restauração com ampliação de capacidade da rodovia PR-180 trecho Goioerê | 2025OB012148;26;R$ 2,267,609.29;sim
SEIL;DER;14/07/2025;755;Restauração com ampliação de capacidade da rodovia PR-180 trecho Goioerê | 2025OB012297;26;R$ 35,576.66;sim
SEIL;DER;15/07/2025;755;Duplicação e restauração da rodovia PR-170/PRC-466, Turvo - Guarapuava | 2025OB012444;26;R$ 122,429.73;sim
SEIL;DER;15/07/2025;755;Duplicação e restauração da rodovia PR-170/PRC-466, Turvo - Guarapuava | 2025OB012445;26;R$ 76,518.59;sim
SEIL;DER;15/07/2025;755;Restauração em whitetopping na rodovia PRC-280, no trecho Clevelândia/Pato Branco | 2025OB012446;26;R$ 15,144,517.96;sim
SEIL;DER;15/07/2025;755;Duplicação e restauração da rodovia PR-170/PRC-466, Turvo - Guarapuava | 2025OB012447;26;R$ 9,907,165.14;sim
SEIL;DER;15/07/2025;755;Duplicação Ponta Grossa ¿ Palmeira e implantação do Contorno Rodoviário de Palmeira - PR-151 - 49,11km - VALOR CO R$ 294.660.000,00 | 2025OB012448;26;R$ 7,682,225.36;sim
SEIL;DER;15/07/2025;755;Duplicação e restauração da rodovia PR-170/PRC-466, Pitanga-Turvo | 2025OB012449;26;R$ 749,157.83;sim
SEIL;DER;16/07/2025;755;Duplicação Ponta Grossa ¿ Palmeira e implantação do Contorno Rodoviário de Palmeira - PR-151 - 49,11km - VALOR CO R$ 294.660.000,00 | 2025OB012648;26;R$ 94,877.97;sim
SEIL;DER;16/07/2025;755;Duplicação Ponta Grossa ¿ Palmeira e implantação do Contorno Rodoviário de Palmeira - PR-151 - 49,11km - VALOR CO R$ 294.660.000,00 | 2025OB012649;26;R$ 64,782.68;sim
SEIL;DER;16/07/2025;755;Duplicação Ponta Grossa ¿ Palmeira e implantação do Contorno Rodoviário de Palmeira - PR-151 - 49,11km - VALOR CO R$ 294.660.000,00 | 2025OB012650;26;R$ 64,611.90;sim
SEIL;DER;16/07/2025;755;Restauração em whitetopping na rodovia PRC-280, no trecho Clevelândia/Pato Branco | 2025OB012651;26;R$ 190,028.27;sim
SEIL;DER;16/07/2025;755;Restauração em whitetopping na rodovia PRC-280, no trecho Clevelândia/Pato Branco | 2025OB012652;26;R$ 235,611.32;sim
SEIL;DER;16/07/2025;755;Restauração em whitetopping na rodovia PRC-280, no trecho Clevelândia/Pato Branco | 2025OB012653;26;R$ 224,945.98;sim
SEIL;DER;16/07/2025;755;Restauração em whitetopping na rodovia PRC-280, no trecho Clevelândia/Pato Branco | 2025OB012654;26;R$ 25,416.28;sim
SEIL;DER;16/07/2025;755;Restauração em whitetopping na rodovia PRC-280, no trecho Clevelândia/Pato Branco | 2025OB012655;26;R$ 15,170.59;sim
SEIL;DER;16/07/2025;755;ELABORAÇÃO DE PROJETO BÁSICO, PROJETO EXECUTIVO E EXECUÇÃO DA OBRA DE IMPLANTAÇÃO PR-092, TRECHO:CERRO AZUL - DOUTOR ULYSSES, LOTE 01, EXT. 12,000 KM - A FRENTE PARANÁ. | 2025OB012656;26;R$ 5,544.15;sim
SEIL;DER;16/07/2025;755;ELABORAÇÃO DE PROJETO BÁSICO, PROJETO EXECUTIVO E EXECUÇÃO DA OBRA DE IMPLANTAÇÃO PR-092, TRECHO:CERRO AZUL - DOUTOR ULYSSES, LOTE 01, EXT. 12,000 KM - A FRENTE PARANÁ. | 2025OB012657;26;R$ 4,158.11;sim
SEIL;DER;16/07/2025;755;Duplicação e restauração da rodovia PR-170/PRC-466, Pitanga-Turvo | 2025OB012658;26;R$ 9,438.77;sim
SEIL;DER;16/07/2025;755;Duplicação e restauração da rodovia PR-170/PRC-466, Pitanga-Turvo | 2025OB012659;26;R$ 9,266.52;sim
SEIL;DER;16/07/2025;755;Duplicação e restauração da rodovia PR-170/PRC-466, Pitanga-Turvo | 2025OB012660;26;R$ 11,083.48;sim
SEIL;DER;16/07/2025;755;Duplicação e restauração da rodovia PR-170/PRC-466, Pitanga-Turvo | 2025OB012661;26;R$ 7,617.88;sim
SEIL;DER;16/07/2025;755;ELABORAÇÃO DE PROJETO BÁSICO, PROJETO EXECUTIVO E EXECUÇÃO DA OBRA DE IMPLANTAÇÃO PR-092, TRECHO:CERRO AZUL - DOUTOR ULYSSES, LOTE 01, EXT. 12,000 KM - A FRENTE PARANÁ. | 2025OB012662;26;R$ 452,309.85;sim
SEIL;DER;21/07/2025;755;Execução de Projeto e Obra de Restauração com melhorias das Rodovias PR-180 e PR-281, no trecho Dois Vizinhos - Francisco Beltrão | 2025OB013065;26;R$ 1,091.61;sim
SEIL;DER;21/07/2025;755;Execução de Projeto e Obra de Restauração com melhorias das Rodovias PR-180 e PR-281, no trecho Dois Vizinhos - Francisco Beltrão | 2025OB013066;26;R$ 768.18;sim
SEIL;DER;21/07/2025;755;Execução de Projeto e Obra de Restauração com melhorias das Rodovias PR-180 e PR-281, no trecho Dois Vizinhos - Francisco Beltrão | 2025OB013067;26;R$ 618.83;sim
SEIL;DER;21/07/2025;755;Execução de Projeto e Obra de Restauração com melhorias das Rodovias PR-180 e PR-281, no trecho Dois Vizinhos - Francisco Beltrão | 2025OB013068;26;R$ 723.48;sim
SEIL;DER;21/07/2025;755;Restauração com ampliação de capacidade da rodovia PR-180 trecho Goioerê | 2025OB013069;26;R$ 49,424.69;sim
SEIL;DER;21/07/2025;755;Restauração com ampliação de capacidade da rodovia PR-180 trecho Goioerê | 2025OB013070;26;R$ 40,890.69;sim
SEIL;DER;21/07/2025;755;Restauração com ampliação de capacidade da rodovia PR-180 trecho Goioerê | 2025OB013071;26;R$ 62,225.69;sim
SEIL;DER;21/07/2025;755;Execução de Projeto e Obra de Restauração com melhorias das Rodovias PR-180 e PR-281, no trecho Dois Vizinhos - Francisco Beltrão | 2025OB013072;26;R$ 88,684.58;sim
SEIL;DER;21/07/2025;755;Restauração com ampliação de capacidade da rodovia PR-180 trecho Goioerê | 2025OB013073;26;R$ 3,966,183.23;sim
SEIL;DER;24/07/2025;755;Duplicação e restauração e ampliação capacidade rodoviária PR-412, no trecho Matinhos a Praia de Leste | 2025OB013305;26;R$ 8,828.45;sim
SEIL;DER;24/07/2025;755;Duplicação e restauração e ampliação capacidade rodoviária PR-412, no trecho Matinhos a Praia de Leste | 2025OB013306;26;R$ 24,234.75;sim
SEIL;DER;24/07/2025;755;Duplicação e restauração e ampliação capacidade rodoviária PR-412, no trecho Matinhos a Praia de Leste | 2025OB013307;26;R$ 445.29;sim
SEIL;DER;24/07/2025;755;Duplicação e restauração e ampliação capacidade rodoviária PR-412, no trecho Matinhos a Praia de Leste | 2025OB013308;26;R$ 702,195.80;sim
SESP;SESP;13/08/2025;755;Construção da sede do Batalhão de Operações Especiais, em São José dos Pinhais - BOPE| 2025OB083387;6;R$ 14.866,08;sim
SESP;SESP;13/08/2025;755;Construção da sede do Batalhão de Operações Especiais, em São José dos Pinhais - BOPE | 2025OB083387;6;R$ 1.678,76;sim
SESP;SESP;14/08/2025;755;Construção da sede do Batalhão de Operações Especiais, em São José dos Pinhais - BOPE | 2025OB084327;6;R$ 1.196.971,13;sim
SESP;SESP;15/08/2025;755;Construção da sede do Batalhão de Operações Especiais, em São José dos Pinhais - BOPE | 2025OB085016;6;R$ 27.003,16;sim
SESP;SESP;15/08/2025;755;Construção da sede do Batalhão de Operações Especiais, em São José dos Pinhais - BOPE | 2025OB085016;6;R$ 1.049,22;sim
SESP;SESP;15/08/2025;755;Construção da sede do Batalhão de Operações Especiais, em São José dos Pinhais - BOPE | 2025OB085017;6;R$ 30.680,61;sim
SESP;SESP;15/08/2025;755;Construção da sede do Batalhão de Operações Especiais, em São José dos Pinhais - BOPE | 2025OB085018;6;R$ 106.488,46;sim
SESP;SESP;19/08/2025;755;Construção da sede do Batalhão de Operações Especiais, em São José dos Pinhais - BOPE | 2025OB086833;6;R$ 202.097,52;sim
SESP;SESP;20/08/2025;755;Construção da sede do Batalhão de Operações Especiais, em São José dos Pinhais - BOPE | 2025OB087410;6;R$ 2.589,66;sim
SESP;SESP;22/08/2025;755;Construção da sede do Batalhão de Operações Especiais, em São José dos Pinhais - BOPE | 2025OB088435;6;R$ 2.486,08;sim
SESP;SESP;22/08/2025;755;Construção da sede do Batalhão de Operações Especiais, em São José dos Pinhais - BOPE | 2025OB088435;6;R$ 4.153,93;sim
SESP;SESP;22/08/2025;755;Construção da sede do Batalhão de Operações Especiais, em São José dos Pinhais - BOPE | 2025OB088436;6;R$ 390,03;sim
SESP;SESP;22/08/2025;755;Construção da sede do Batalhão de Operações Especiais, em São José dos Pinhais - BOPE | 2025OB088436;6;R$ 651,66;sim
SESP;SESP;22/08/2025;755;Reforma e ampliação da sede da 11ª CIPM no município de Cambé. | 2025OB088437;6;R$ 227.875,22;sim
SESP;SESP;25/08/2025;755;Reforma e ampliação da sede da 11ª CIPM no município de Cambé. | 2025OB089164;6;R$ 7.776,51;sim
SESP;SESP;27/08/2025;755;Construção da sede do Batalhão de Operações Especiais, em São José dos Pinhais - BOPE | 2025OB089881;6;R$ 4.327,01;sim
SESP;SESP;27/08/2025;755;Construção da sede do Batalhão de Operações Especiais, em São José dos Pinhais - BOPE | 2025OB089881;6;R$ 406,28;sim
SESP;SESP;27/08/2025;755;Construção da sede do Batalhão de Operações Especiais, em São José dos Pinhais - BOPE | 2025OB089881;6;R$ 678,77;sim
SESP;SESP;27/08/2025;755;Construção da sede do Batalhão de Operações Especiais, em São José dos Pinhais - BOPE | 2025OB089882;6;R$ 337.680,21;sim
SESP;SESP;27/08/2025;755;Construção da sede do Batalhão de Operações Especiais, em São José dos Pinhais - BOPE | 2025OB089883;6;R$ 52.974,18;sim
SESP;SESP;27/08/2025;755;Construção da sede do Batalhão de Operações Especiais, em São José dos Pinhais - BOPE | 2025OB089884;6;R$ 31.706,15;sim
SEED;FUNDEPAR;13/08/2025;755;Construir a Escola Estadual Professora Mireille Maria Franco Zanon Machado, no município de Mandirituba. | 2025OB007378;12;R$ 3.327,69;sim
SEED;FUNDEPAR;13/08/2025;755;Construir a Escola Estadual Professora Mireille Maria Franco Zanon Machado, no município de Mandirituba. | 2025OB007379;12;R$ 7.354,03;sim
SEED;FUNDEPAR;13/08/2025;755;Construir a Escola Estadual Professora Mireille Maria Franco Zanon Machado, no município de Mandirituba. | 2025OB007380;12;R$ 602.154,05;sim
SEED;FUNDEPAR;20/08/2025;755;Ampliar o Colégio Estadual Nirlei Medeiros - EF EM PROFIS, no município de Curitiba/Curitiba | 2025OB007805;12;R$ 5.028,41;sim
SEED;FUNDEPAR;20/08/2025;755;Ampliar o Colégio Estadual Moradias Lobato - EF M P, no município de Curitiba/Curitiba | 2025OB007806;12;R$ 5.035,51;sim
SEED;FUNDEPAR;20/08/2025;755;Ampliar o Colégio Estadual Moradias Lobato - EF M P, no município de Curitiba/Curitiba | 2025OB007807;12;R$ 3.866,03;sim
SEED;FUNDEPAR;20/08/2025;755;Ampliar o Colégio Estadual Nirlei Medeiros - EF EM PROFIS, no município de Curitiba/Curitiba | 2025OB007808;12;R$ 354.400,64;sim
SEED;FUNDEPAR;20/08/2025;755;Ampliar o Colégio Estadual Moradias Lobato - EF M P, no município de Curitiba/Curitiba | 2025OB007809;12;R$ 313.267,87;sim
SEED;FUNDEPAR;25/08/2025;755;Ampliar o Colégio Estadual Pinheiro do Paraná - Ensino Fundamental e Médio, no município de Curitiba/Curitiba | 2025OB007982;12;R$ 13.905,70;sim
SEED;FUNDEPAR;25/08/2025;755;Ampliar o Colégio Estadual Pinheiro do Paraná - Ensino Fundamental e Médio, no município de Curitiba/Curitiba | 2025OB007983;12;R$ 3.337,37;sim
SEED;FUNDEPAR;25/08/2025;755;Ampliar o Colégio Estadual Pinheiro do Paraná - Ensino Fundamental e Médio, no município de Curitiba/Curitiba | 2025OB007984;12;R$ 260.870,94;sim
SEED;FUNDEPAR;27/08/2025;755;Construir Unidade Nova Escolar Bairro Fraron | 2025OB008160;12;R$ 2.124,24;sim
SEED;FUNDEPAR;27/08/2025;755;Construir Unidade Nova Escolar Bairro Fraron | 2025OB008161;12;R$ 1.274,55;sim
SEED;FUNDEPAR;27/08/2025;755;Construir Unidade Nova Escolar Bairro Fraron | 2025OB008162;12;R$ 102.813,35;sim
SEED;FUNDEPAR;28/08/2025;755;Ampliar o Colégio Estadual Nirlei Medeiros - EF EM PROFIS, no município de Curitiba/Curitiba | 2025OB008221;12;R$ 4.933,66;sim
SEED;FUNDEPAR;28/08/2025;755;Ampliar o Colégio Estadual Nirlei Medeiros - EF EM PROFIS, no município de Curitiba/Curitiba | 2025OB008222;12;R$ 347.722,45;sim
SECID;COHAPAR;13/08/2025;755;Construção de novas unidades habitacionais ou melhorias ou reformas, para pessoas idosas sem moradia, em Toledo | 2025OB002797;16;R$ 6.768,82;sim
SECID;COHAPAR;13/08/2025;755;Construção de novas unidades habitacionais ou melhorias ou reformas, para pessoas idosas sem moradia, em Toledo | 2025OB002797;16;R$ 482,99;sim
SECID;COHAPAR;13/08/2025;755;Construção de novas unidades habitacionais ou melhorias ou reformas, para pessoas idosas sem moradia, em Guaíra | 2025OB002797;16;R$ 9.564,48;sim
SECID;COHAPAR;13/08/2025;755;Construção de novas unidades habitacionais ou melhorias ou reformas, para pessoas idosas sem moradia, em Guaíra | 2025OB002797;16;R$ 269,79;sim
SECID;COHAPAR;13/08/2025;755;Construção de novas unidades habitacionais ou melhorias ou reformas, para pessoas idosas sem moradia, em Guaíra | 2025OB002797;16;R$ 580,21;sim
SECID;COHAPAR;13/08/2025;755;Construção de novas unidades habitacionais ou melhorias ou reformas, para pessoas idosas sem moradia, em Guaíra | 2025OB002797;16;R$ 721,41;sim
SECID;COHAPAR;13/08/2025;755;Construção de novas unidades habitacionais por meio do Programa de Habitação Urbana do governo do Estado. As famílias são atendidas com ações habitacionais no meio Urbano, contemplando novas unidades, melhorias ou reformas, por meio de auxilio financeiro e/ou de serviços. | 2025OB002797;16;R$ 8.366,44;sim
SECID;COHAPAR;13/08/2025;755;Construção de novas unidades habitacionais por meio do Programa de Habitação Urbana do governo do Estado. As famílias são atendidas com ações habitacionais no meio Urbano, contemplando novas unidades, melhorias ou reformas, por meio de auxilio financeiro e/ou de serviços. | 2025OB002797;16;R$ 2.922,79;sim
SECID;COHAPAR;13/08/2025;755;Construção de novas unidades habitacionais por meio do Programa de Habitação Urbana do governo do Estado. As famílias são atendidas com ações habitacionais no meio Urbano, contemplando novas unidades, melhorias ou reformas, por meio de auxilio financeiro e/ou de serviços. | 2025OB002797;16;R$ 107,01;sim
SECID;COHAPAR;13/08/2025;755;Construção de novas unidades habitacionais ou melhorias ou reformas, para pessoas idosas sem moradia, em Santo Antônio do Sudoeste | 2025OB002797;16;R$ 631,04;sim
SECID;COHAPAR;20/08/2025;755;Construção de novas unidades habitacionais ou melhorias ou reformas, para pessoas idosas sem moradia, em São Miguel do Iguaçu | 2025OB002869;16;R$ 781.345,91;sim
SECID;COHAPAR;20/08/2025;755;Construção de novas unidades habitacionais ou melhorias ou reformas, para pessoas idosas sem moradia, em São Miguel do Iguaçu | 2025OB002870;16;R$ 263.940,31;sim
SECID;COHAPAR;26/08/2025;755;Construção de novas unidades habitacionais ou melhorias ou reformas, para pessoas idosas sem moradia, em Toledo | 2025OB002931;16;R$ 10.143,68;sim
SECID;COHAPAR;26/08/2025;755;Construção de novas unidades habitacionais ou melhorias ou reformas, para pessoas idosas sem moradia, em Guaíra | 2025OB002932;16;R$ 7.637,62;sim
SECID;COHAPAR;27/08/2025;755;Construção de novas unidades habitacionais ou melhorias ou reformas, para pessoas idosas sem moradia, em Toledo | 2025OB002943;16;R$ 142.158,20;sim
SECID;COHAPAR;27/08/2025;755;Construção de novas unidades habitacionais ou melhorias ou reformas, para pessoas idosas sem moradia, em Guaíra | 2025OB002944;16;R$ 101.260,32;sim
SECID;COHAPAR;28/08/2025;755;Construção de novas unidades habitacionais por meio do Programa de Habitação Urbana do governo do Estado. As famílias são atendidas com ações habitacionais no meio Urbano, contemplando novas unidades, melhorias ou reformas, por meio de auxilio financeiro e/ou de serviços. | 2025OB002974;16;R$ 1.194,48;sim
SECID;COHAPAR;28/08/2025;755;Construção de novas unidades habitacionais ou melhorias ou reformas, para pessoas idosas sem moradia, em Santo Antônio do Sudoeste | 2025OB002974;16;R$ 12,84;sim
SECID;COHAPAR;28/08/2025;755;Construção de novas unidades habitacionais ou melhorias ou reformas, para pessoas idosas sem moradia, em Santo Antônio do Sudoeste | 2025OB002974;16;R$ 5.060,23;sim
SECID;COHAPAR;28/08/2025;755;Construção de novas unidades habitacionais ou melhorias ou reformas, para pessoas idosas sem moradia, em Santo Antônio do Sudoeste | 2025OB002974;16;R$ 472,73;sim
SECID;COHAPAR;28/08/2025;755;Construção de novas unidades habitacionais ou melhorias ou reformas, para pessoas idosas sem moradia, em Santo Antônio do Sudoeste | 2025OB002975;16;R$ 155.306,16;sim
SECID;COHAPAR;28/08/2025;755;Construção de novas unidades habitacionais ou melhorias ou reformas, para pessoas idosas sem moradia, em Santo Antônio do Sudoeste | 2025OB002976;16;R$ 14.508,95;sim
SECID;COHAPAR;28/08/2025;755;Construção de novas unidades habitacionais ou melhorias ou reformas, para pessoas idosas sem moradia, em Santo Antônio do Sudoeste | 2025OB002977;16;R$ 36.660,53;sim
SECID;COHAPAR;28/08/2025;755;Construção de novas unidades habitacionais ou melhorias ou reformas, para pessoas idosas sem moradia, em Santo Antônio do Sudoeste | 2025OB002978;16;R$ 394,14;sim
SEIL;DER;08/01/2025;755;Implantação da rodovia PR-990, no entroncamento da rodovia PR-364 e a cidade de Rebouças | 2025OB013636;26;R$ 3.931,13;sim
SEIL;DER;08/01/2025;755;Implantação da rodovia PR-990, no entroncamento da rodovia PR-364 e a cidade de Rebouças | 2025OB013637;26;R$ 9.827,83;sim
SEIL;DER;08/01/2025;755;Implantação da rodovia PR-990, no entroncamento da rodovia PR-364 e a cidade de Rebouças | 2025OB013638;26;R$ 313.835,30;sim
SEIL;DER;15/08/2025;755;Duplicação e restauração da rodovia PR-170/PRC-466, Pitanga-Turvo | 2025OB014606;26;R$ 46.967,39;sim
SEIL;DER;15/08/2025;755;Duplicação e restauração da rodovia PR-170/PRC-466, Pitanga-Turvo | 2025OB014607;26;R$ 56.176,68;sim
SEIL;DER;15/08/2025;755;Duplicação e restauração da rodovia PR-170/PRC-466, Pitanga-Turvo | 2025OB014608;26;R$ 38.611,25;sim
SEIL;DER;15/08/2025;755;Duplicação e restauração da rodovia PR-170/PRC-466, Pitanga-Turvo | 2025OB014609;26;R$ 54.145,48;sim
SEIL;DER;18/08/2025;755;Duplicação e restauração da rodovia PR-170/PRC-466, Palmeirinha - Guarapuava | 2025OB014759;26;R$ 129.908,73;sim
SEIL;DER;18/08/2025;755;Duplicação e restauração da rodovia PR-170/PRC-466, Palmeirinha - Guarapuava | 2025OB014760;26;R$ 81.192,96;sim
SEIL;DER;18/08/2025;755;Execução de Projeto e Obra de Restauração com melhorias das Rodovias PR-180 e PR-281, no trecho Dois Vizinhos - Francisco Beltrão | 2025OB014761;26;R$ 545,81;sim
SEIL;DER;18/08/2025;755;Execução de Projeto e Obra de Restauração com melhorias das Rodovias PR-180 e PR-281, no trecho Dois Vizinhos - Francisco Beltrão | 2025OB014762;26;R$ 384,09;sim
SEIL;DER;18/08/2025;755;Execução de Projeto e Obra de Restauração com melhorias das Rodovias PR-180 e PR-281, no trecho Dois Vizinhos - Francisco Beltrão | 2025OB014763;26;R$ 309,41;sim
SEIL;DER;18/08/2025;755;Execução de Projeto e Obra de Restauração com melhorias das Rodovias PR-180 e PR-281, no trecho Dois Vizinhos - Francisco Beltrão | 2025OB014764;26;R$ 361,73;sim
SEIL;DER;18/08/2025;755;Duplicação e restauração da rodovia PR-170/PRC-466, Turvo - Guarapuava | 2025OB014765;26;R$ 96.364,22;sim
SEIL;DER;18/08/2025;755;Duplicação e restauração da rodovia PR-170/PRC-466, Pitanga-Turvo | 2025OB014766;26;R$ 3.922.159,97;sim
SEIL;DER;18/08/2025;755;Duplicação e restauração da rodovia PR-170/PRC-466, Palmeirinha - Guarapuava | 2025OB014767;26;R$ 10.246.315,76;sim
SEIL;DER;18/08/2025;755;Execução de Projeto e Obra de Restauração com melhorias das Rodovias PR-180 e PR-281, no trecho Dois Vizinhos - Francisco Beltrão | 2025OB014768;26;R$ 44.342,29;sim
SEIL;DER;20/08/2025;755;ELABORAÇÃO DE PROJETO BÁSICO, PROJETO EXECUTIVO E EXECUÇÃO DA OBRA DE IMPLANTAÇÃO PR-092, TRECHO:CERRO AZUL - DOUTOR ULYSSES, LOTE 01, EXT. 12,000 KM - A FRENTE PARANÁ. | 2025OB014806;26;R$ 14.126,16;sim
SEIL;DER;20/08/2025;755;ELABORAÇÃO DE PROJETO BÁSICO, PROJETO EXECUTIVO E EXECUÇÃO DA OBRA DE IMPLANTAÇÃO PR-092, TRECHO:CERRO AZUL - DOUTOR ULYSSES, LOTE 01, EXT. 12,000 KM - A FRENTE PARANÁ. | 2025OB014807;26;R$ 10.594,62;sim
SEIL;DER;20/08/2025;755;Restauração em whitetopping na rodovia PRC-280, no trecho Clevelândia/Pato Branco | 2025OB014808;26;R$ 137.071,54;sim
SEIL;DER;20/08/2025;755;Restauração em whitetopping na rodovia PRC-280, no trecho Clevelândia/Pato Branco | 2025OB014809;26;R$ 141.972,28;sim
SEIL;DER;20/08/2025;755;Restauração em whitetopping na rodovia PRC-280, no trecho Clevelândia/Pato Branco | 2025OB014810;26;R$ 135.545,67;sim
SEIL;DER;20/08/2025;755;Restauração em whitetopping na rodovia PRC-280, no trecho Clevelândia/Pato Branco | 2025OB014811;26;R$ 15.315,09;sim
SEIL;DER;20/08/2025;755;Restauração em whitetopping na rodovia PRC-280, no trecho Clevelândia/Pato Branco | 2025OB014812;26;R$ 9.141,34;sim
SEIL;DER;20/08/2025;755;Duplicação Ponta Grossa ¿ Palmeira e implantação do Contorno Rodoviário de Palmeira - PR-151 - 49,11km - VALOR CO R$ 294.660.000,00 | 2025OB014813;26;R$ 76.921,79;sim
SEIL;DER;20/08/2025;755;Duplicação Ponta Grossa ¿ Palmeira e implantação do Contorno Rodoviário de Palmeira - PR-151 - 49,11km - VALOR CO R$ 294.660.000,00 | 2025OB014814;26;R$ 52.383,74;sim
SEIL;DER;20/08/2025;755;Duplicação Ponta Grossa ¿ Palmeira e implantação do Contorno Rodoviário de Palmeira - PR-151 - 49,11km - VALOR CO R$ 294.660.000,00 | 2025OB014815;26;R$ 52.522,20;sim
SEIL;DER;20/08/2025;755;ELABORAÇÃO DE PROJETO BÁSICO, PROJETO EXECUTIVO E EXECUÇÃO DA OBRA DE IMPLANTAÇÃO PR-092, TRECHO:CERRO AZUL - DOUTOR ULYSSES, LOTE 01, EXT. 12,000 KM - A FRENTE PARANÁ. | 2025OB014816;26;R$ 1.152.459,18;sim
SEIL;DER;20/08/2025;755;Restauração em whitetopping na rodovia PRC-280, no trecho Clevelândia/Pato Branco | 2025OB014817;26;R$ 9.573.193,52;sim
SEIL;DER;20/08/2025;755;Duplicação Ponta Grossa ¿ Palmeira e implantação do Contorno Rodoviário de Palmeira - PR-151 - 49,11km - VALOR CO R$ 294.660.000,00 | 2025OB014818;26;R$ 6.228.321,25;sim
SEIL;DER;25/08/2025;755;Restauração com ampliação de capacidade da rodovia PR-180, no trecho de acesso secundário Goioerê/Quarto Centenário - PR-180 trecho Goioerê | 2025OB015399;26;R$ 49.368,67;sim
SEIL;DER;25/08/2025;755;Restauração com ampliação de capacidade da rodovia PR-180, no trecho de acesso secundário Goioerê/Quarto Centenário - PR-180 trecho Goioerê | 2025OB015400;26;R$ 40.844,35;sim
SEIL;DER;25/08/2025;755;Restauração com ampliação de capacidade da rodovia PR-180, no trecho de acesso secundário Goioerê/Quarto Centenário - PR-180 trecho Goioerê | 2025OB015401;26;R$ 62.155,16;sim
SEIL;DER;25/08/2025;755;Restauração com ampliação de capacidade da rodovia PR-180, no trecho de acesso secundário Goioerê/Quarto Centenário - PR-180 trecho Goioerê | 2025OB015402;26;R$ 2.507.328,11;sim
SEIL;DER;25/08/2025;755;Restauração com ampliação de capacidade da rodovia PR-180, no trecho de acesso secundário Goioerê/Quarto Centenário - PR-180 trecho Goioerê | 2025OB015403;26;R$ 1.454.359,65;sim
SEIL;DER;27/08/2025;755;Duplicação e restauração e ampliação capacidade rodoviária PR-412, no trecho Matinhos a Praia de Leste | 2025OB015608;26;R$ 23.136,14;sim
SEIL;DER;27/08/2025;755;Duplicação e restauração e ampliação capacidade rodoviária PR-412, no trecho Matinhos a Praia de Leste | 2025OB015609;26;R$ 64.377,82;sim
SEIL;DER;27/08/2025;755;Duplicação e restauração e ampliação capacidade rodoviária PR-412, no trecho Matinhos a Praia de Leste | 2025OB015610;26;R$ 861,98;sim
SEIL;DER;27/08/2025;755;Duplicação e restauração e ampliação capacidade rodoviária PR-412, no trecho Matinhos a Praia de Leste | 2025OB015611;26;R$ 1.839.636,13;sim
