SETORES;√ìRG√ÉO;FUN√á√ÉO;PROJETO;MUNIC√çPIO;MUNIC√çPIOS BENEFICIADOS;VALOR TOTAL DO PROJETO;OR√áAMENTO DISPONIBILIZADO;VALOR EMPENHADO;VALOR LIQUIDADO;VALOR PAGO;SALDO;DATA DO REPASSE;EXECU√á√ÉO F√çSICA;EXECU√á√ÉO FINANCEIRA;N√öMERO DA FONTE;STATUS;OBSERVA√á√ÉO
Infraestrutura;SEIL;26;Pavimenta√ß√£o PR-092, Cerro Azul - Dr. Ulysses (sub-trecho iniciando em Dr. Ulysses) (Lote 1);Doutor Ulysses;"Doutor Ulysses; Cerro Azul";61719867,09;56919000;56919000;2890905,05;2890905,05;58828962,04;;6,77;4,68;755;Em execu√ß√£o;Obra em andamento - in√≠cio em 08/04/2024. Contrato vigente at√© junho de 2026.
Infraestrutura;SEIL;26;Restaura√ß√£o em Whitetopping e Ampl. Capacidade (3¬™ faixa), PR-180, Goioer√™- Quarto Centen√°rio - 11,13km;Quarto Centen√°rio;"Quarto Centen√°rio; Goioer√™";67939127;61708743,49;61708743,49;61340220,39;61340220,39;6598906,61;;96,26;90,29;755;Em execu√ß√£o;Obra em andamento in√≠cio em (12/2023). Contrato vigente at√© julho de 2025.
Infraestrutura;SEIL;26;Execu√ß√£o das obras de Implanta√ß√£o da PR-990, entre a PR-364 e a cidade de Rebou√ßas;Rebou√ßas;;90658114,75;87300000;87300000;6806459,76;6806459,76;83851654,99;;7,6;7,51;755;Em execu√ß√£o;Projeto Executivo em andamento 04/2024. Contrato vigente at√© maio de 2026.
Infraestrutura;SEIL;26;Elabora√ß√£o do projeto executivo de implanta√ß√£o da rodovia PR-239, trecho: Mato Rico a Roncador;Mato Rico;;95680000;0;0;0;0;95680000;;0;0;755;Em licita√ß√£o;Em licita√ß√£o (01/04/25)
Infraestrutura;SEIL;26;Contrata√ß√£o Integrada de Empresa para Elabora√ß√£o dos Projetos B√°sico e  Executivo e Execu√ß√£o das Obras de Restaura√ß√£o com Melhorias das Rodovias PR-180 e PR-281, no trecho Dois Vizinhos - Francisco Beltr√£o (com Salto do Lontra);Dois Vizinhos;"Dois Vizinhos; Francisco Beltr√£o";96357474,33;90849999;90849999;2839635,83;2839635,83;93517838,5;;2,95;2,95;755;Em execu√ß√£o;Obra em andamento - in√≠cio em 02/12/2024. Contrato vigente at√© fevereiro de 2027.
Infraestrutura;SEIL;26;Execu√ß√£o das obras de duplica√ß√£o e restaura√ß√£o da rodovia PRC-466 entre o entroncamento da Rodovia Municipal em Palmeirinha e o in√≠cio da pista dupla em Guarapuava [Subtrecho 2] (TURVO - GUARAPUAVA);Guarapuava;;143001638,6;118000000;118000000;66129247,28;66129247,28;76872391,32;;45,98;46,24;755;Em execu√ß√£o;Obra em andamento - √≠nicio em 05/09/2024. Contrato vigente at√© maio de 2026.
Infraestrutura;SEIL;26;Elabora√ß√£o dos Projetos B√°sico e Executivo e Execu√ß√£o das Obras de Restaura√ß√£o em Whitetopping na PRC-280, entre Clevel√¢ndia e Pato Branco;Pato Branco;"Pato Branco; Clevel√¢ndia";185239000,6;180950000;185239000,6;166541418,8;166541418,8;18697581,8;;89,88;89,91;755;Em execu√ß√£o;Obra em andamento - in√≠cio em 12/08/2024. Contrato vigente at√© fevereiro de 2026.
Infraestrutura;SEIL;26;Execu√ß√£o das obras de restaura√ß√£o e amplia√ß√£o de capacidade da rodovia PR-151, no trecho compreendido entre o entroncamento com a PR-438, km 344,51, em Ponta Grossa, e a interse√ß√£o com a BR-277, km 377,22 em Palmeira;Palmeira;"Palmeira; Ponta Grossa";257215000,1;30000000; -   ;23146147,97;23146147,97;234068852,1;;9;9;755;Em execu√ß√£o;Obra em andamento - In√≠cio em 29/01/25. Contrato vigente at√© outubro de 2027.
Infraestrutura;SEIL;26;Execu√ß√£o das obras de duplica√ß√£o em pavimento r√≠gido da PR-412 e implanta√ß√£o de vias marginais, entre a ponte sobre o canal em Matinhos e a interse√ß√£o com a rodovia PR-407 em Pontal do Paran√°;Matinhos;;274500000;16555308;19545308;1414816,18;1414816,18;273085183,8;;0,48;0,52;755;Indefinido;Licita√ß√£o homologada, aguardando contrato. Contrato vigente at√© junho de 2028.
Infraestrutura;SEIL;26;Execu√ß√£o das obras de duplica√ß√£o e restaura√ß√£o em Whitetopping da rodovia PRC-466, de Turvo a Palmeirinha [Subtrecho 1] (TURVO - GUARAPUAVA);Palmeirinha;"Turvo;Palmeirinha";293750000;293750000;293750000;2981790,57;2981790,57;290768209,4;;1,02;1,02;;Em execu√ß√£o;Contrato vigente at√© abril de 2027.
Infraestrutura;SEIL;26;Contrata√ß√£o semi-integrada para elabora√ß√£o do projeto executivo e execu√ß√£o das obras de duplica√ß√£o e restaura√ß√£o da rodovia PR-170/PRC-466, de Pitanga a Turvo;Turvo;"Pitanga;Turvo";514230020;29793758;29793758;8256744,96;8256744,96;505973275;;1,52;1,61;;Em execu√ß√£o;Contrato vigente at√© julho de 2027.
Cidades;SECID;15;PAVIMENTA√á√ÉO DE VIAS URBANAS;ALTO PARAISO;ALTO PARAISO;5000000;0;2047588,68;2047588,68;2047588,68;2952411,32;14/02/2025;40,95;40,95;500;Em Execu√ß√£o;In√≠cio do contrato em: 06/10/2023.
Cidades;SECID;15;PAVIMENTA√á√ÉO DE VIAS URBANAS;ANGULO;ANGULO;5000000;0;975612,55;975612,55;975612,55;4024387,45;15/04/2025;0;0;500;Em Execu√ß√£o;In√≠cio do contrato em: 06/10/2023.
Cidades;SECID;15;PAVIMENTA√á√ÉO DE VIAS URBANAS;ARAPUA;ARAPUA;5000000;0;0;0;0;5000000;14/06/2024;91,42;91,42;500;Em Execu√ß√£o;In√≠cio do contrato em: 21/09/2023.
Cidades;SECID;15;PAVIMENTA√á√ÉO DE VIAS URBANAS;ARIRANHA DO IVAI;ARIRANHA DO IVAI;5000000;0;0;0;4350725,36;649274,64;31/07/2024;87,01;87,01;500;Em Execu√ß√£o;In√≠cio do contrato em: 21/09/2023.
Cidades;SECID;15;PAVIMENTA√á√ÉO DE VIAS URBANAS;BOA ESPERANCA DO IGUACU;BOA ESPERANCA DO IGUACU;5000000;0;259398,9;259398,9;259398,9;4740601,1;30/04/2025;0;0;500;Em Execu√ß√£o;In√≠cio do contrato em: 20/09/2023.
Cidades;SECID;15;PAVIMENTA√á√ÉO DE VIAS URBANAS;BOA VENTURA DE SAO ROQUE;BOA VENTURA DE SAO ROQUE;5000000;0;1655744,5;1655744,5;1655744,5;3344255,5;27/02/2025;46,87;46,87;500;Em Execu√ß√£o;In√≠cio do contrato em: 26/10/2023.
Cidades;SECID;15;PAVIMENTA√á√ÉO DE VIAS URBANAS;CAMPINA DO SIMAO;CAMPINA DO SIMAO;5000000;0;4406979,66;399574,02;399574,02;4600425,98;19/05/2025;0;0;500;Em Execu√ß√£o;In√≠cio do contrato em: 06/10/2023.
Cidades;SECID;15;PAVIMENTA√á√ÉO DE VIAS URBANAS;CORUMBATAI DO SUL;CORUMBATAI DO SUL;5000000;0;0;0;0;5000000;26/07/2024;0;0;500;Em Execu√ß√£o;In√≠cio do contrato em: 06/10/2023.
Cidades;SECID;15;PAVIMENTA√á√ÉO DE VIAS URBANAS;CRUZEIRO DO IGUACU;CRUZEIRO DO IGUACU;5000000;0;3006277,7;3006277,7;3006277,7;1993722,3;16/04/2025;0;0;500;Em Execu√ß√£o;In√≠cio do contrato em: 06/10/2023.
Cidades;SECID;15;PAVIMENTA√á√ÉO DE VIAS URBANAS;CRUZMALTINA;CRUZMALTINA;5000000;0;598329,28;598329,28;598329,28;4401670,72;30/04/2025;57,45;57,45;500;Em Execu√ß√£o;In√≠cio do contrato em: 05/10/2023.
Cidades;SECID;15;PAVIMENTA√á√ÉO DE VIAS URBANAS;DIAMANTE DO NORTE;DIAMANTE DO NORTE;5000000;0;0;0;0;5000000;09/08/2024;98,71;98,71;500;Em Execu√ß√£o;In√≠cio do contrato em: 25/09/2023.
Cidades;SECID;15;PAVIMENTA√á√ÉO DE VIAS URBANAS;DOUTOR ULYSSES;DOUTOR ULYSSES;5000000;0;182227,45;182227,45;182227,45;4817772,55;18/11/2024;0;0;500;Em Execu√ß√£o;In√≠cio do contrato em: 20/09/2023.
Cidades;SECID;15;PAVIMENTA√á√ÉO DE VIAS URBANAS;FERNANDES PINHEIRO;FERNANDES PINHEIRO;5000000;0;2176379,84;2176379,84;2176379,84;2823620,16;31/10/2024;0;0;500;Em Execu√ß√£o;In√≠cio do contrato em: 07/11/2023.
Cidades;SECID;15;PAVIMENTA√á√ÉO DE VIAS URBANAS;FLOR DA SERRA DO SUL;FLOR DA SERRA DO SUL;5000000;0;625021,45;625021,45;625021,45;4374978,55;05/02/2025;0;0;500;Em Execu√ß√£o;In√≠cio do contrato em: 07/11/2023.
Cidades;SECID;15;PAVIMENTA√á√ÉO DE VIAS URBANAS;FOZ DO JORDAO;FOZ DO JORDAO;5000000;0;416560,77;416560,77;416560,77;4583439,23;05/02/2025;0;0;500;Em Execu√ß√£o;In√≠cio do contrato em: 25/10/2023.
Cidades;SECID;15;PAVIMENTA√á√ÉO DE VIAS URBANAS;GUAPOREMA;GUAPOREMA;5000000;0;2352587,67;2352587,67;2352587,67;2647412,33;14/03/2025;47,05;47,05;500;Em Execu√ß√£o;In√≠cio do contrato em: 21/09/2023.
Cidades;SECID;15;PAVIMENTA√á√ÉO DE VIAS URBANAS;IBEMA;IBEMA;5000000;0;2222736,72;2222736,72;2222736,72;2777263,28;31/03/2025;44,45;44,45;500;Em Execu√ß√£o;In√≠cio do contrato em: 27/10/2023.
Cidades;SECID;15;PAVIMENTA√á√ÉO DE VIAS URBANAS;ITAUNA DO SUL;ITAUNA DO SUL;5000000;0;3673546,64;1058728,29;1058728,29;3941271,71;12/03/2025;21,17;21,17;500;Em execu√ß√£o;In√≠cio do contrato em: 20/09/2023.
Cidades;SECID;15;PAVIMENTA√á√ÉO DE VIAS URBANAS;IVATUBA;IVATUBA;5000000;0;0;0;0;5000000;21/11/2024;0;0;500;Em Execu√ß√£o;In√≠cio do contrato em: 21/09/2023.
Cidades;SECID;15;PAVIMENTA√á√ÉO DE VIAS URBANAS;JAPIRA;JAPIRA;5000000;0;1472834,44;1472834,44;1472834,44;3527165,56;25/10/2024;29,46;29,46;500;Em Execu√ß√£o;In√≠cio do contrato em: 30/08/2023.
Cidades;SECID;15;PAVIMENTA√á√ÉO DE VIAS URBANAS;JUNDIAI DO SUL;JUNDIAI DO SUL;5000000;0;1280805,92;1280805,92;1280805,92;3719194,08;10/06/2024;25,62;25,62;500;Em Execu√ß√£o;In√≠cio do contrato em: 30/10/2023.
Cidades;SECID;15;PAVIMENTA√á√ÉO DE VIAS URBANAS;LINDOESTE;LINDOESTE;5000000;0;0;0;0;5000000;24/02/2025;0;0;500;Em Execu√ß√£o;In√≠cio do contrato em: 06/10/2023.
Cidades;SECID;15;PAVIMENTA√á√ÉO DE VIAS URBANAS;LUNARDELLI;LUNARDELLI;5000000;0;1670266,01;1670266,01;1670266,01;3329733,99;01/04/2025;33,41;33,41;500;Em Execu√ß√£o;In√≠cio do contrato em: 30/08/2023.
Cidades;SECID;15;PAVIMENTA√á√ÉO DE VIAS URBANAS;LUPIONOPOLIS;LUPIONOPOLIS;5000000;0;1054668,77;1054668,77;1054668,77;3945331,23;22/11/2024;21,09;21,09;500;Em Execu√ß√£o;In√≠cio do contrato em: 30/08/2023.
Cidades;SECID;15;PAVIMENTA√á√ÉO DE VIAS URBANAS;MANFRINOPOLIS;MANFRINOPOLIS;5000000;0;1587611,02;1587611,02;1587611,02;3412388,98;19/02/2025;31,75;31,75;500;Em Execu√ß√£o;In√≠cio do contrato em: 05/10/2023.
Cidades;SECID;15;PAVIMENTA√á√ÉO DE VIAS URBANAS;MARIA HELENA;MARIA HELENA;5000000;0;1594751,13;1594751,13;1594751,13;3405248,87;20/03/2025;31,9;31,9;500;Em Execu√ß√£o;In√≠cio do contrato em: 28/09/2023.
Cidades;SECID;15;PAVIMENTA√á√ÉO DE VIAS URBANAS;MARIPA;MARIPA;5000000;0;1556303,31;1556303,31;1556303,31;3443696,69;16/04/2025;31,13;31,13;500;Em Execu√ß√£o;In√≠cio do contrato em: 26/10/2023.
Cidades;SECID;15;PAVIMENTA√á√ÉO DE VIAS URBANAS;MARQUINHO;MARQUINHO;5000000;0;2228030,06;2228030,06;2228030,06;2771969,94;18/11/2024;44,56;44,56;500;Em Execu√ß√£o;In√≠cio do contrato em: 20/09/2023.
Cidades;SECID;15;PAVIMENTA√á√ÉO DE VIAS URBANAS;MATO RICO;MATO RICO;5000000;0;0;0;0;5000000;31/10/2024;0;0;500;Em Execu√ß√£o;In√≠cio do contrato em: 21/09/2023.
Cidades;SECID;15;PAVIMENTA√á√ÉO DE VIAS URBANAS;NOSSA SENHORA DAS GRACAS;NOSSA SENHORA DAS GRACAS;5000000;0;2828924,09;2828924,09;2828924,09;2171075,91;28/03/2025;56,58;56,58;500;Em Execu√ß√£o;In√≠cio do contrato em: 27/09/2023.
Cidades;SECID;15;PAVIMENTA√á√ÉO DE VIAS URBANAS;NOVA ALIANCA DO IVAI;NOVA ALIANCA DO IVAI;5000000;0;472592,52;472592,52;472592,52;4527407,48;14/04/2025;9,45;9,45;500;Em Execu√ß√£o;In√≠cio do contrato em: 30/08/2023.
Cidades;SECID;15;PAVIMENTA√á√ÉO DE VIAS URBANAS;OURIZONA;OURIZONA;5000000;0;89713,09;89713,09;89713,09;4910286,91;23/01/2025;1,79;1,79;500;Em Execu√ß√£o;In√≠cio do contrato em: 26/10/2023.
Cidades;SECID;15;PAVIMENTA√á√ÉO DE VIAS URBANAS;PAULA FREITAS;PAULA FREITAS;5000000;0;1947332,25;263460,26;263460,26;4736539,74;16/07/2024;5,27;5,27;500;Em Execu√ß√£o;In√≠cio do contrato em: 30/08/2023.
Cidades;SECID;15;PAVIMENTA√á√ÉO DE VIAS URBANAS;PAULO FRONTIN;PAULO FRONTIN;5000000;0;1008770,11;1008770,11;1008770,11;3991229,89;05/02/2025;20,18;20,18;500;Em Execu√ß√£o;In√≠cio do contrato em: 26/10/2023.
Cidades;SECID;15;PAVIMENTA√á√ÉO DE VIAS URBANAS;PORTO BARREIRO;PORTO BARREIRO;5000000;0;2163672,21;2163672,21;2163672,21;2836327,79;06/05/2025;43,27;43,27;500;Em Execu√ß√£o;In√≠cio do contrato em: 21/11/2023.
Cidades;SECID;15;PAVIMENTA√á√ÉO DE VIAS URBANAS;PRANCHITA;PRANCHITA;5000000;0;1418409,66;1418409,66;1418409,66;3581590,34;05/02/2025;28,37;28,37;500;Em Execu√ß√£o;In√≠cio do contrato em: 28/09/2023.
Cidades;SECID;15;PAVIMENTA√á√ÉO DE VIAS URBANAS;RAMILANDIA;RAMILANDIA;5000000;0;1296161,45;1296161,45;1296161,45;3703838,55;18/03/2025;25,92;25,92;500;Em Execu√ß√£o;In√≠cio do contrato em: 26/10/2023.
Cidades;SECID;15;PAVIMENTA√á√ÉO DE VIAS URBANAS;RENASCENCA;RENASCENCA;5000000;0;3112165,49;3112165,49;3112165,49;1887834,51;09/05/2025;62,24;62,24;500;Em Execu√ß√£o;In√≠cio do contrato em: 07/11/2023.
Cidades;SECID;15;PAVIMENTA√á√ÉO DE VIAS URBANAS;SANTA LUCIA;SANTA LUCIA;5000000;0;734634,29;734634,29;734634,29;4265365,71;04/06/2025;14,69;14,69;500;Em Execu√ß√£o;In√≠cio do contrato em: 26/10/2023.
Cidades;SECID;15;PAVIMENTA√á√ÉO DE VIAS URBANAS;SANTANA DO ITARARE;SANTANA DO ITARARE;5000000;0;717254,59;717254,59;717254,59;4282745,41;05/02/2025;14,35;14,35;500;Em Execu√ß√£o;In√≠cio do contrato em: 22/11/2023.
Cidades;SECID;15;PAVIMENTA√á√ÉO DE VIAS URBANAS;SANTO INACIO;SANTO INACIO;5000000;0;1100928,92;1100928,92;1100928,92;3899071,08;28/03/2025;22,02;22,02;500;Em Execu√ß√£o;In√≠cio do contrato em: 18/10/2023.
Cidades;SECID;15;PAVIMENTA√á√ÉO DE VIAS URBANAS;SAO CARLOS DO IVAI;SAO CARLOS DO IVAI;5000000;0;568269,47;568269,47;568269,47;4431730,53;21/02/2025;11,37;11,37;500;Em Execu√ß√£o;In√≠cio do contrato em: 05/10/2023.
Cidades;SECID;15;PAVIMENTA√á√ÉO DE VIAS URBANAS;SAO JOSE DA BOA VISTA;SAO JOSE DA BOA VISTA;5000000;0;0;0;0;5000000;10/04/2025;0;0;500;Em Execu√ß√£o;In√≠cio do contrato em: 26/10/2023.
Cidades;SECID;15;PAVIMENTA√á√ÉO DE VIAS URBANAS;SAO PEDRO DO IGUACU;SAO PEDRO DO IGUACU;5000000;0;1684792,64;1684792,64;1684792,64;3315207,36;28/02/2025;33,7;33,7;500;Em Execu√ß√£o;In√≠cio do contrato em: 10/10/2023.
Cidades;SECID;15;PAVIMENTA√á√ÉO DE VIAS URBANAS;SAUDADE DO IGUACU;SAUDADE DO IGUACU;5000000;0;145664,9;145664,9;145664,9;4854335,1;31/03/2025;2,91;2,91;500;Em Execu√ß√£o;In√≠cio do contrato em: 21/09/2023.
Cidades;SECID;15;PAVIMENTA√á√ÉO DE VIAS URBANAS;SULINA;SULINA;5000000;0;1629668,4;1629668,4;1629668,4;3370331,6;12/05/2025;32,59;32,59;500;Em Execu√ß√£o;In√≠cio do contrato em: 05/10/2023.
Cidades;SECID;15;PAVIMENTA√á√ÉO DE VIAS URBANAS;VIRMOND;VIRMOND;5000000;0;1129556,59;1129556,59;1129556,59;3870443,41;23/05/2025;22,59;22,59;500;Em Execu√ß√£o;In√≠cio do contrato em: 21/09/2023.
Cidades;SECID;15;PAVIMENTA√á√ÉO DE VIAS URBANAS;ITAGUAJE;ITAGUAJE;4987892,03;0;520152,05;520152,05;520152,05;4467739,98;14/06/2024;10,43;10,43;500;Em Execu√ß√£o;In√≠cio do contrato em: 20/11/2023.
Cidades;SECID;15;PAVIMENTA√á√ÉO DE VIAS URBANAS;PARANAPOEMA;PARANAPOEMA;4950400;0;132844,66;132844,66;132844,66;4817555,34;16/10/2024;2,68;2,68;500;Em Execu√ß√£o;In√≠cio do contrato em: 06/10/2023.
Cidades;SECID;15;PAVIMENTA√á√ÉO DE VIAS URBANAS;INDIANOPOLIS;INDIANOPOLIS;4920206,03;0;0;0;0;4920206,03;27/11/2024;0;0;500;Em Execu√ß√£o;In√≠cio do contrato em: 21/09/2023.
Cidades;SECID;15;PAVIMENTA√á√ÉO DE VIAS URBANAS;MIRASELVA;MIRASELVA;4910428,93;0;1159606,67;1159606,67;1159606,67;3750822,26;22/04/2025;23,62;23,62;500;Em Execu√ß√£o;In√≠cio do contrato em: 04/10/2023.
Cidades;SECID;15;PAVIMENTA√á√ÉO DE VIAS URBANAS;VITORINO;VITORINO;4794557,6;0;991618,07;991618,07;991618,07;3802939,53;22/10/2024;20,68;20,68;500;Em Execu√ß√£o;In√≠cio do contrato em: 22/09/2023.
Cidades;SECID;15;PAVIMENTA√á√ÉO DE VIAS URBANAS;PORTO VITORIA;PORTO VITORIA;4760924,8;0;3327768,86;3327768,86;3327768,86;1433155,94;18/03/2025;69,9;69,9;500;Em Execu√ß√£o;In√≠cio do contrato em: 27/10/2023.
Cidades;SECID;15;PAVIMENTA√á√ÉO DE VIAS URBANAS;ALTAMIRA DO PARANA;ALTAMIRA DO PARANA;4719200;0;838283,21;838283,21;838283,21;3880916,79;28/04/2025;17,76;17,76;500;Em Execu√ß√£o;In√≠cio do contrato em: 09/11/2023.
Cidades;SECID;15;PAVIMENTA√á√ÉO DE VIAS URBANAS;PINHALAO;PINHALAO;4661172,08;0;0;0;0;4661172,08;25/11/2024;0;0;500;Em Execu√ß√£o;In√≠cio do contrato em: 30/08/2023.
Cidades;SECID;15;PAVIMENTA√á√ÉO DE VIAS URBANAS;MARIOPOLIS;MARIOPOLIS;4474400;0;0;0;0;4474400;09/09/2024;0;0;500;Em Execu√ß√£o;In√≠cio do contrato em: 06/10/2023.
Cidades;SECID;15;PAVIMENTA√á√ÉO DE VIAS URBANAS;CAMPO BONITO;CAMPO BONITO;4338400;0;371362,83;371362,83;371362,83;3967037,17;08/01/2025;0;0;500;Em Execu√ß√£o;In√≠cio do contrato em: 27/10/2023.
Cidades;SECID;15;PAVIMENTA√á√ÉO DE VIAS URBANAS;FLORIDA;FLORIDA;3755162,35;0;0;0;0;3755162,35;05/09/2024;0;0;500;Em Execu√ß√£o;In√≠cio do contrato em: 06/10/2023.
Cidades;SECID;15;PAVIMENTA√á√ÉO DE VIAS URBANAS;SANTA INES;SANTA INES;3706555,24;0;0;0;0;3706555,24;11/11/2024;0;0;500;Em Execu√ß√£o;In√≠cio do contrato em: 18/10/2023.
Cidades;SECID;15;PAVIMENTA√á√ÉO DE VIAS URBANAS;LIDIANOPOLIS;LIDIANOPOLIS;3569619,2;0;1806148,64;1806148,64;1806148,64;1763470,56;22/01/2025;50,6;50,6;500;Em Execu√ß√£o;In√≠cio do contrato em: 18/10/2023.
Cidades;SECID;15;PAVIMENTA√á√ÉO DE VIAS URBANAS;SANTO ANTONIO DO PARAISO;SANTO ANTONIO DO PARAISO;3549600;0;367978,96;154393,85;154393,85;3395206,15;22/11/2024;4,35;4,35;500;Em Execu√ß√£o;In√≠cio do contrato em: 22/09/2023.
Cidades;SECID;15;PAVIMENTA√á√ÉO DE VIAS URBANAS;XAMBRE;XAMBRE;3481600;0;590047,28;590047,28;590047,28;2891552,72;24/03/2025;16,95;16,95;500;Em Execu√ß√£o;In√≠cio do contrato em: 26/10/2023.
Cidades;SECID;15;PAVIMENTA√á√ÉO DE VIAS URBANAS;SAO MANOEL DO PARANA;SAO MANOEL DO PARANA;3304800;0;30233,85;30233,85;30233,85;3274566,15;17/02/2025;0,91;0,91;500;Em Execu√ß√£o;In√≠cio do contrato em: 21/09/2023.
Cidades;SECID;15;PAVIMENTA√á√ÉO DE VIAS URBANAS;SERTANEJA;SERTANEJA;2571147,6;0;0;0;0;2571147,6;12/02/2025;0;0;500;Em Execu√ß√£o;In√≠cio do contrato em: 26/10/2023.
Cidades;SECID;15;PAVIMENTA√á√ÉO DE VIAS URBANAS;CAFEARA;CAFEARA;2425696;0;1635375,91;1468213,18;1468213,18;957482,82;10/03/2025;0;0;500;Em Execu√ß√£o;In√≠cio do contrato em: 18/10/2023.
Cidades;SECID;15;PAVIMENTA√á√ÉO DE VIAS URBANAS;BOM SUCESSO DO SUL;BOM SUCESSO DO SUL;2016236;0;234113,5;234113,5;234113,5;1782122,5;27/11/2024;0;0;500;Em Execu√ß√£o;In√≠cio do contrato em: 20/09/2023.
Cidades;SECID;15;PAVIMENTA√á√ÉO DE VIAS URBANAS;RANCHO ALEGRE DO OESTE;RANCHO ALEGRE DO OESTE;1890400;0;570528,41;570528,41;570528,41;1319871,59;08/05/2025;30,18;30,18;500;Em Execu√ß√£o;In√≠cio do contrato em: 22/11/2023.
Cidades;SECID;15;ILUMINA√á√ÉO P√öBLICA;FLORESTA;FLORESTA;1625000;0;0;0;0;1625000;20/08/2024;100;100;500;Conclu√≠do;In√≠cio do contrato em: 27/10/2023.
Cidades;SECID;15;PAVIMENTA√á√ÉO DE VIAS URBANAS;RANCHO ALEGRE;RANCHO ALEGRE;1444469,6;0;0;0;0;1444469,6;27/06/2024;0;0;500;Em Execu√ß√£o;In√≠cio do contrato em: 30/08/2023.
Cidades;SECID;15;PAVIMENTA√á√ÉO DE VIAS URBANAS;QUARTO CENTENARIO;QUARTO CENTENARIO;1428000;0;1403322,47;445631,21;445631,21;982368,79;07/03/2025;31,21;31,21;500;Em Execu√ß√£o;In√≠cio do contrato em: 30/10/2023.
Cidades;SECID;15;PAVIMENTA√á√ÉO DE VIAS URBANAS;NOVA AMERICA DA COLINA;NOVA AMERICA DA COLINA;1373600;0;60266,86;60266,86;60266,86;1313333,14;11/04/2025;4,39;4,39;500;Em Execu√ß√£o;In√≠cio do contrato em: 07/11/2023.
Cidades;SECID;15;PAVIMENTA√á√ÉO DE VIAS URBANAS;SAO TOME;SAO TOME;1319200;0;165960,45;165960,45;165960,45;1153239,55;17/03/2025;12,58;12,58;500;Em Execu√ß√£o;In√≠cio do contrato em: 05/10/2023.
Cidades;SECID;15;ILUMINA√á√ÉO P√öBLICA;MARIPA;MARIPA;1289000;0;0;0;873367,34;415632,66;30/09/2024;67,76;67,76;500;Em Execu√ß√£o;In√≠cio do contrato em: 26/10/2023.
Cidades;SECID;15;ILUMINA√á√ÉO P√öBLICA;SAO CARLOS DO IVAI;SAO CARLOS DO IVAI;1265000;0;569728,44;569728,44;569728,44;695271,56;28/02/2025;45,04;45,04;500;Em Execu√ß√£o;In√≠cio do contrato em: 26/10/2023.
Cidades;SECID;15;ILUMINA√á√ÉO P√öBLICA;JANIOPOLIS;JANIOPOLIS;1095000;0;0;0;0;1095000;11/11/2024;0;0;500;Em Execu√ß√£o;In√≠cio do contrato em: 21/09/2023.
Cidades;SECID;15;ILUMINA√á√ÉO P√öBLICA;XAMBRE;XAMBRE;1041000;0;0;0;0;1041000;22/08/2024;0;0;500;Em Execu√ß√£o;In√≠cio do contrato em: 26/10/2023.
Cidades;SECID;15;ILUMINA√á√ÉO P√öBLICA;SANTO INACIO;SANTO INACIO;1008000;0;962826,32;962826,32;962826,32;45173,68;10/02/2025;95,52;95,52;500;Em Execu√ß√£o;In√≠cio do contrato em: 18/10/2023.
Cidades;SECID;15;PAVIMENTA√á√ÉO DE VIAS URBANAS;MUNHOZ DE MELLO;MUNHOZ DE MELLO;911200;0;347515,63;347515,63;347515,63;563684,37;11/02/2025;38,14;38,14;500;Em Execu√ß√£o;In√≠cio do contrato em: 06/10/2023.
Cidades;SECID;15;ILUMINA√á√ÉO P√öBLICA;DIAMANTE DO NORTE;DIAMANTE DO NORTE;851000;0;0;0;839984,16;11015,84;30/09/2024;0;0;500;Em Execu√ß√£o;In√≠cio do contrato em: 25/09/2023.
Cidades;SECID;15;ILUMINA√á√ÉO P√öBLICA;MARIOPOLIS;MARIOPOLIS;842000;0;0;0;0;842000;12/11/2024;0;0;500;Em Execu√ß√£o;In√≠cio do contrato em: 06/10/2023.
Cidades;SECID;15;ILUMINA√á√ÉO P√öBLICA;MARIA HELENA;MARIA HELENA;774000;0;0;0;142500;631500;25/04/2024;18,41;18,41;500;Em Execu√ß√£o;In√≠cio do contrato em: 28/09/2023.
Cidades;SECID;15;ILUMINA√á√ÉO P√öBLICA;SAO TOME;SAO TOME;751000;0;0;0;750998;2;26/08/2024;100;100;500;Conclu√≠do;In√≠cio do contrato em: 05/10/2023.
Cidades;SECID;15;ILUMINA√á√ÉO P√öBLICA;QUINTA DO SOL;QUINTA DO SOL;736000;0;220293,78;220293,78;220293,78;515706,22;04/11/2024;29,93;29,93;500;Em Execu√ß√£o;In√≠cio do contrato em: 26/10/2023.
Cidades;SECID;15;ILUMINA√á√ÉO P√öBLICA;SAPOPEMA;SAPOPEMA;730000;0;0;0;408000;322000;24/06/2024;55,89;55,89;500;Em Execu√ß√£o;In√≠cio do contrato em: 26/10/2023.
Cidades;SECID;15;PAVIMENTA√á√ÉO DE VIAS URBANAS;NOVA SANTA BARBARA;NOVA SANTA BARBARA;707200;0;0;0;581458,7;125741,3;12/11/2024;82,22;82,22;500;Em Execu√ß√£o;In√≠cio do contrato em: 05/10/2023.
Cidades;SECID;15;ILUMINA√á√ÉO P√öBLICA;GRANDES RIOS;GRANDES RIOS;703000;0;0;0;0;703000;30/07/2024;0;0;500;Em Execu√ß√£o;In√≠cio do contrato em: 20/11/2023.
Cidades;SECID;15;PAVIMENTA√á√ÉO DE VIAS URBANAS;NOVA ESPERANCA DO SUDOESTE;NOVA ESPERANCA DO SUDOESTE;680000;0;0;0;509141,16;170858,84;30/10/2024;74,87;74,87;500;Em Execu√ß√£o;In√≠cio do contrato em: 22/09/2023.
Cidades;SECID;15;ILUMINA√á√ÉO P√öBLICA;JABOTI;JABOTI;664000;0;0;0;485663,23;178336,77;21/06/2024;73,14;73,14;500;Em Execu√ß√£o;In√≠cio do contrato em: 26/10/2023.
Cidades;SECID;15;ILUMINA√á√ÉO P√öBLICA;LINDOESTE;LINDOESTE;653000;0;0;0;389000;264000;18/04/2024;59,57;59,57;500;Em Execu√ß√£o;In√≠cio do contrato em: 06/10/2023.
Cidades;SECID;15;ILUMINA√á√ÉO P√öBLICA;CRUZEIRO DO SUL;CRUZEIRO DO SUL;649000;0;0;0;568374,1;80625,9;04/07/2024;87,58;87,58;500;Em Execu√ß√£o;In√≠cio do contrato em: 21/09/2023.
Cidades;SECID;15;ILUMINA√á√ÉO P√öBLICA;INDIANOPOLIS;INDIANOPOLIS;646000;0;0;0;0;646000;22/11/2024;0;0;500;Em Execu√ß√£o;In√≠cio do contrato em: 21/09/2023.
Cidades;SECID;15;ILUMINA√á√ÉO P√öBLICA;NOSSA SENHORA DAS GRACAS;NOSSA SENHORA DAS GRACAS;642000;0;228128,9;228128,9;228128,9;413871,1;28/11/2024;35,53;35,53;500;Em Execu√ß√£o;In√≠cio do contrato em: 27/09/2023.
Cidades;SECID;15;ILUMINA√á√ÉO P√öBLICA;PAULA FREITAS;PAULA FREITAS;631000;0;0;0;0;631000;16/01/2025;0;0;500;Em Execu√ß√£o;In√≠cio do contrato em: 22/09/2023.
Cidades;SECID;15;ILUMINA√á√ÉO P√öBLICA;LIDIANOPOLIS;LIDIANOPOLIS;628000;0;0;0;439650,38;188349,62;21/10/2024;70,01;70,01;500;Em Execu√ß√£o;In√≠cio do contrato em: 21/09/2023.
Cidades;SECID;15;ILUMINA√á√ÉO P√öBLICA;SANTA LUCIA;SANTA LUCIA;624000;0;0;0;0;624000;31/07/2024;0;0;500;Em Execu√ß√£o;In√≠cio do contrato em: 26/10/2023.
Cidades;SECID;15;ILUMINA√á√ÉO P√öBLICA;SANTA CECILIA DO PAVAO;SANTA CECILIA DO PAVAO;620000;0;0;0;541100;78900;01/10/2024;87,27;87,27;500;Em Execu√ß√£o;In√≠cio do contrato em: 24/11/2023.
Cidades;SECID;15;ILUMINA√á√ÉO P√öBLICA;NOVA SANTA BARBARA;NOVA SANTA BARBARA;617000;0;0;0;317706,19;299293,81;28/05/2024;51,49;51,49;500;Em Execu√ß√£o;In√≠cio do contrato em: 21/09/2023.
Cidades;SECID;15;ILUMINA√á√ÉO P√öBLICA;RANCHO ALEGRE;RANCHO ALEGRE;613000;0;0;0;495100;117900;20/08/2024;80,77;80,77;500;Em Execu√ß√£o;In√≠cio do contrato em: 25/10/2023.
Cidades;SECID;15;ILUMINA√á√ÉO P√öBLICA;PORTO VITORIA;PORTO VITORIA;558000;0;0;0;484500;73500;10/06/2024;86,83;86,83;500;Em Execu√ß√£o;In√≠cio do contrato em: 27/10/2023.
Cidades;SECID;15;ILUMINA√á√ÉO P√öBLICA;SAO PEDRO DO PARANA;SAO PEDRO DO PARANA;550000;0;0;0;550000;0;25/04/2024;100;100;500;Conclu√≠do;In√≠cio do contrato em: 21/09/2023.
Cidades;SECID;15;ILUMINA√á√ÉO P√öBLICA;ANGULO;ANGULO;546000;0;0;0;546000;0;26/02/2024;100;100;500;Conclu√≠do;In√≠cio do contrato em: 21/09/2023.
Cidades;SECID;15;ILUMINA√á√ÉO P√öBLICA;GUAPIRAMA;GUAPIRAMA;544000;0;0;0;499999,98;44000,02;10/07/2024;91,91;91,91;500;Em Execu√ß√£o;In√≠cio do contrato em: 06/10/2023.
Cidades;SECID;15;ILUMINA√á√ÉO P√öBLICA;DIAMANTE DO OESTE;DIAMANTE DO OESTE;514000;0;0;0;483054,98;30945,02;10/06/2024;93,98;93,98;500;Em Execu√ß√£o;In√≠cio do contrato em: 26/10/2023.
Cidades;SECID;15;ILUMINA√á√ÉO P√öBLICA;DOUTOR ULYSSES;DOUTOR ULYSSES;473000;0;315536,37;315536,37;315536,37;157463,63;;0;0;500;Em Execu√ß√£o;In√≠cio do contrato em: 20/09/2023.
Cidades;SECID;15;ILUMINA√á√ÉO P√öBLICA;NOVA AMERICA DA COLINA;NOVA AMERICA DA COLINA;468000;0;0;0;338449,7;129550,3;29/04/2024;72,32;72,32;500;Em Execu√ß√£o;In√≠cio do contrato em: 30/10/2023.
Cidades;SECID;15;ILUMINA√á√ÉO P√öBLICA;SAO JOSE DAS PALMEIRAS;SAO JOSE DAS PALMEIRAS;468000;0;0;0;100000;368000;19/06/2024;21,37;21,37;500;Em Execu√ß√£o;In√≠cio do contrato em: 30/10/2023.
Cidades;SECID;15;ILUMINA√á√ÉO P√öBLICA;IVATUBA;IVATUBA;452000;0;0;0;364900;87100;25/03/2024;80,73;80,73;500;Em Execu√ß√£o;In√≠cio do contrato em: 21/09/2023.
Cidades;SECID;15;ILUMINA√á√ÉO P√öBLICA;OURIZONA;OURIZONA;432000;0;0;0;321080;110920;07/10/2024;74,32;74,32;500;Em Execu√ß√£o;In√≠cio do contrato em: 26/10/2023.
Cidades;SECID;15;ILUMINA√á√ÉO P√öBLICA;JUNDIAI DO SUL;JUNDIAI DO SUL;426000;0;0;0;322049;103951;21/11/2024;75,6;75,6;500;Em Execu√ß√£o;In√≠cio do contrato em: 23/11/2023.
Cidades;SECID;15;ILUMINA√á√ÉO P√öBLICA;PARANAPOEMA;PARANAPOEMA;416000;0;0;0;227650,5;188349,5;31/03/2025;54,72;54,72;500;Em Execu√ß√£o;In√≠cio do contrato em: 27/10/2023.
Cidades;SECID;15;ILUMINA√á√ÉO P√öBLICA;CAFEARA;CAFEARA;405000;0;0;0;291000;114000;11/11/2024;71,85;71,85;500;Em Execu√ß√£o;In√≠cio do contrato em: 06/10/2023.
Cidades;SECID;15;ILUMINA√á√ÉO P√öBLICA;CRUZMALTINA;CRUZMALTINA;403000;0;0;0;231525;171475;19/11/2024;0;0;500;Em Execu√ß√£o;In√≠cio do contrato em: 05/10/2023.
Cidades;SECID;15;ILUMINA√á√ÉO P√öBLICA;ITAUNA DO SUL;ITAUNA DO SUL;372000;0;0;0;372000;0;29/05/2024;100;100;500;Conclu√≠do;In√≠cio do contrato em: 20/09/2023.
Cidades;SECID;15;ILUMINA√á√ÉO P√öBLICA;SULINA;SULINA;371000;0;0;0;252163,28;118836,72;26/06/2024;67,97;67,97;500;Em Execu√ß√£o;In√≠cio do contrato em: 05/10/2023.
Cidades;SECID;15;PAVIMENTA√á√ÉO DE VIAS URBANAS;FLORESTA;FLORESTA;353600;0;0;0;353600;0;25/11/2024;0;0;500;Em Execu√ß√£o;In√≠cio do contrato em: 30/10/2023.
Cidades;SECID;15;ILUMINA√á√ÉO P√öBLICA;ARAPUA;ARAPUA;298000;0;0;0;272438,22;25561,78;18/10/2024;0;0;500;Em Execu√ß√£o;In√≠cio do contrato em: 23/11/2023.
Cidades;SECID;15;ILUMINA√á√ÉO P√öBLICA;CORUMBATAI DO SUL;CORUMBATAI DO SUL;295000;0;0;0;230500;64500;26/04/2024;78,14;78,14;500;Em Execu√ß√£o;In√≠cio do contrato em: 06/10/2023.
Cidades;SECID;15;ILUMINA√á√ÉO P√öBLICA;GUAPOREMA;GUAPOREMA;279000;0;134284,46;134284,46;134284,46;144715,54;26/09/2024;48,13;48,13;500;Em Execu√ß√£o;In√≠cio do contrato em: 21/09/2023.
Cidades;SECID;15;ILUMINA√á√ÉO P√öBLICA;FERNANDES PINHEIRO;FERNANDES PINHEIRO;221000;0;196592,4;116392,4;116392,4;104607,6;18/10/2024;0;0;500;Em Execu√ß√£o;In√≠cio do contrato em: 07/11/2023.
Cidades;SECID;15;ILUMINA√á√ÉO P√öBLICA;NOVA ESPERANCA DO SUDOESTE;NOVA ESPERANCA DO SUDOESTE;201000;0;0;0;96425;104575;02/02/2024;47,97;47,97;500;Em Execu√ß√£o;In√≠cio do contrato em: 30/08/2023.
Cidades;SECID;15;ILUMINA√á√ÉO P√öBLICA;NOVA ALIANCA DO IVAI;NOVA ALIANCA DO IVAI;177000;0;0;0;177000;0;31/07/2024;100;100;500;Conclu√≠do;In√≠cio do contrato em: 30/08/2023.
Cidades;SECID;15;ILUMINA√á√ÉO P√öBLICA;BOA VENTURA DE SAO ROQUE;BOA VENTURA DE SAO ROQUE;165000;0;0;0;77335,13;87664,87;09/05/2024;0;0;500;Em Execu√ß√£o;In√≠cio do contrato em: 26/10/2023.
Cidades;SECID;15;ILUMINA√á√ÉO P√öBLICA;ENEAS MARQUES;ENEAS MARQUES;161000;0;0;0;76999,99;84000,01;25/03/2024;47,83;47,83;500;Em Execu√ß√£o;In√≠cio do contrato em: 11/10/2023.
Cidades;SECID;15;ILUMINA√á√ÉO P√öBLICA;SAO JOSE DA BOA VISTA;SAO JOSE DA BOA VISTA;133000;0;0;0;99238;33762;18/11/2024;74,62;74,62;500;Em Execu√ß√£o;In√≠cio do contrato em: 26/10/2023.
Incentivo ao Cr√©dito;CC;4;Integraliza√ß√£o de Capital para constitui√ß√£o de Fundo de Investimento nas Cadeias Produtivas Agroindustriais (FIAGRO);-;-;150000000;0;0;0;150000000;0;17/05/2024;100;100;755;Conclu√≠do;O capital foi integralizado no balan√ßo da Fomento Paran√°. Ap√≥s o chamamento p√∫blico para sele√ß√£o de gestores, incluindo a fase de an√°lise de documentos, foi finalizada a escolha da gestora que atuar√° em conjunto com a Fomento na constitui√ß√£o do Fundo.
Habita√ß√£o;SECID;16;VIVER MAIS/Casa F√°cil;Goioer√™;Goioer√™;8905209,69;800000;800000;800000;800000;8105209,69;;9,58;8,98;755;Em execuc√£o;In√≠cio do contrato em: 08/07/2024. Vigente at√©: 26/10/2026
Habita√ß√£o;SECID;16;VIVER MAIS/Casa F√°cil;Gua√≠ra;Gua√≠ra;8383923,59;600000;600000;472390,62;461254,73;7922668,86;;5,24;5,5;755;Em execu√ß√£o;In√≠cio do contrato em: 22/07/2024. Vigente at√©: 26/10/2026
Habita√ß√£o;SECID;16;VIVER MAIS/Casa F√°cil;Ivaipor√£;Ivaipor√£;8485344,87;2583000;300000;0;0;8485344,87;;0;0;755;Em execuc√£o;In√≠cio do contrato em: 22/07/2024. Vigente at√©: 26/10/2026
Infraestrutura;SECID;26;DESAPROPRIA√á√ÉO DO TERMINAL METROPOLITANO DE LONDRINA;LONDRINA;LONDRINA;19033024;0;19033023,4;19033023,4;19033023,4;0,600000001;;100;100;755;Conclu√≠do;
Habita√ß√£o;SECID;16;VIVER MAIS/Casa F√°cil;Loanda;Loanda;8500790,96;800000;800000;787575,96;787575,96;7713215;;11,44;9,26;755;Em execuc√£o;In√≠cio do contrato em: 11/07/2024. Vigente at√©: 26/10/2026
Habita√ß√£o;SECID;16;VIVER MAIS/Casa F√°cil;Maring√°;Maring√°;0;0;0;0;0;0;;0;0;755;Em licita√ß√£o ;
Habita√ß√£o;SECID;16;VIVER MAIS/Casa F√°cil;Santo Ant√¥nio do Sudoeste;Santo Ant√¥nio do Sudoeste;10424628,73;800000;800000;799571,94;786759,74;9637868,99;;9,71;7,55;755;Em execuc√£o;In√≠cio do contrato em: 08/07/2024. Vigente at√©: 26/10/2026
Habita√ß√£o;SECID;16;VIVER MAIS/Casa F√°cil;S√£o Miguel do Igua√ßu;S√£o Miguel do Igua√ßu;8690985,51;800000;800000;676748,09;676748,09;8014237,42;;10,33;7,79;755;Em execuc√£o;In√≠cio do contrato em: 23/07/2024. Vigente at√©: 26/10/2026
Habita√ß√£o;SECID;16;VIVER MAIS/Casa F√°cil;Toledo;Toledo;7267000;600000;600000;505267,41;498015,6;6768984,4;;6,49;6,85;755;Em execuc√£o;In√≠cio do contrato em: 22/07/2024. Vigente at√©: 22/07/2026
Infraestrutura;SESP;6;Auto Bomba Tanque e Resgate;Curitiba;"Curitiba; Rio Negro; Fazenda Rio Grande; Campo Largo; Londrina; Paranagu√°; Maring√°; Ponta Grossa; Foz do Igua√ßu; Cascavel; Palmas; Gua√≠ra; Alt√¥nia; Campina Grande do Sul; Santa Helena";17549730;0;9247537,76;9247537,76;9247537,76;8302192,24;;0;52,69;755;Indefinido;Aguardando Ordem de Servi√ßo (10/2024)
Infraestrutura;SESP;6;Centro de Treinamento Guatup√™;S√£o Jos√© dos Pinhais;S√£o Jos√© dos Pinhais;264094;264094;0;0;0;264094;;0;0;755;Em licita√ß√£o;
Infraestrutura;SESP;6;Constru√ß√£o da Delegacia Cidad√£ de Assis Chateaubriand;Assis Chateaubriand;Assis Chateaubriand;85910;600000;0;0;0;85910;;0;0;755;Em licita√ß√£o;
Infraestrutura;SESP;6;Constru√ß√£o da Delegacia Cidad√£ de Campo Mour√£o;Campo Mour√£o;Campo Mour√£o;6992059,32;1000000;300000;0;0;6992059,32;;0;0;755;Indefinido;Inicio 28/07
Infraestrutura;SESP;6;Constru√ß√£o da Delegacia Cidad√£ de Paranava√≠;Paranava√≠;Paranava√≠;;1050000;504033,54;0;0;0;;0;0;755;Em licita√ß√£o;Licita√ß√£o em fase de homologa√ß√£o/adjudica√ß√£o na Secretaria de Estado das Cidades
Infraestrutura;SESP;6;Constru√ß√£o da Delegacia Cidad√£ de Piraquara;Piraquara;Piraquara;7344654,58;1050000;777705,51;0;0;7344654,58;;0;0;755;Em licita√ß√£o;Licita√ß√£o em fase de homologa√ß√£o/adjudica√ß√£o na Secretaria de Estado das Cidades
Infraestrutura;SESP;6;Constru√ß√£o da Delegacia Cidad√£ de Ponta Grossa;Ponta Grossa;Ponta Grossa;2400000;145690,89;1937330;0;0;2400000;;0;0;755;Em licita√ß√£o;
Infraestrutura;SESP;6;Constru√ß√£o da Delegacia Cidad√£ em Sertan√≥polis;Sertanop√≥lis;;3000000;500000;0;0;0;3000000;;0;0;755;Em licita√ß√£o;
Infraestrutura;SESP;6;Constru√ß√£o da Delegacia Cidad√£ Padr√£o I no munic√≠pio de Pontal do Paran√°;Pontal do Paran√°;;3849559,29;600000;512291,37;0;0;3849559,29;;0;0;755;Indefinido;Licita√ß√£o em fase de homologa√ß√£o/adjudica√ß√£o na Secretaria de Estado das Cidades
Infraestrutura;SESP;6;Constru√ß√£o da Penitenci√°ria Feminina no munic√≠pio de Goioer√™.;Goioer√™;;30000000;1000000;0;0;0;30000000;;0;0;755;Em licita√ß√£o;
Infraestrutura;SESP;6;Constru√ß√£o da sede da 4¬™ Cia. do Batalh√£o de Pol√≠cia Ambiental - For√ßa Verde, no munic√≠pio de Guarapuava.;Guarapuava;Guarapuava;2000000;72000;11402,66;11402,66;11402,66;1988597,34;25/09/2024;0;1;755;Em licita√ß√£o;
Infraestrutura;SESP;6;Harpya;Curitiba;;30046999,43;30046999,43;30046999,43;29253706,46;29253706,46;793292,97;;0;0;755;Indefinido;Aquisi√ß√£o de 3 helic√≥pteros. Preg√£o Eletronico 90.913/2024 - lote 01, 02 e 03 restou deserta.
Infraestrutura;SESP;6;Laborat√≥rio de Qu√≠mica Forense Agro;"Cascavel; Maring√°";;15200000;590000;1439800;0;0;15200000;;0;0;755;Em andamento;Aquisi√ß√£o de duas unidades de Sistema de Cromatografia I√¥nica ‚Äì Preg√£o 1501/2024 
Infraestrutura;SESP;6;Paran√° Blindado;Curitiba;;22645216,92;0;0;0;0;22645216,92;;0;0;755;Indefinido;Licita√ß√£o homologada, aguardando contrato (10/2024)
Infraestrutura;SESP;6;Patrulha Costeira;Paranagu√°;;2214039,68;2214039,68;0;0;0;2214039,68;;0;0;755;Indefinido ;
Infraestrutura;SESP;6;Reforma do Bloco de Salas de Aula da 1¬™ Escola de Forma√ß√£o, Aperfei√ßoamento e Especializa√ß√£o de Pra√ßas, no munic√≠pio de S√£o Jos√© dos Pinhais.;S√£o Jos√© dos Pinhais;;3800000;0;0;0;0;3800000;;0;0;755;Em licita√ß√£o;
Infraestrutura;SESP;6;Reforma do Bloco II da Academia Policial Militar do Guatup√™ em S√£o Jos√© dos Pinhais.;S√£o Jos√© dos Pinhais;;5629996,24;0;0;0;0;5629996,24;;0;0;755;Em licita√ß√£o;Licita√ß√£o em fase de an√°lise de propostas na Secretaria de Estado das Cidades
Infraestrutura;SESP;6;Reforma e amplia√ß√£o da sede da 11¬™ CIPM no munic√≠pio de Camb√©;Camb√©;Camb√©;2113000;1200000;1967330,94;0;0;2113000;;0;0;755;Em execu√ß√£o;
Infraestrutura;SESP;6;Constru√ß√£o da sede do Batalh√£o de Opera√ß√µes Especiais, em S√£o Jos√© dos Pinhais;S√£o Jos√© dos Pinhais;;N„o informado;12428020,67;12428020,67;6043770,47;6043770,47;0;;0;0;755;Em execu√ß√£o;
Infraestrutura;SESP;6;Aquisi√ß√£o, por meio de processo licitat√≥rio, de 2 (duas) unidades de sistema de cromatografia l√≠quida acoplada a espectr√¥metro de massas de alta resolu√ß√£o, tipo quadrupolo e tempo de voo (LC-QTOF-MS), visando atender √†s necessidades da Pol√≠cia Cient√≠fica do Paran√°.;;;;3599800;3599800;0;0;0;;0;0;755;Em projeto;Projeto em execu√ß√£o
Infraestrutura;SESA;10;Complexo Silvio Santos;Curitiba;;1424928,97;0;0;0;0;1424928,97;;0;0;755;Em planejamento;
Infraestrutura;SEPL;19;Constru√ß√£o do Centro de Tecnologia do Estado do Paran√° - F√°brica de Ideias;Curitiba;;335264442;0;0;0;0;335264442;;0;0;755;Em licita√ß√£o;Procedimento licitat√≥rio em curso
Educa√ß√£o;SEED;12;Bairro Fraron ‚Äî unidade nova;Pato Branco;Pato Branco;18618000;11000000;11000000;0;0;18618000;;1,22;0,19;755;Em execu√ß√£o;
Educa√ß√£o;SEED;12;Domingos FCO Zardo, C E-EF M ‚Äî unidade nova;Palotina;Palotina;27477000;26977000;26977000;0;0;27477000;;5,33;1,26;755;Em execu√ß√£o;
Educa√ß√£o;SEED;12;Iolando Taques Fonseca, E E Prof-EF ‚Äî unidade nova;Ponta Grossa;Ponta Grossa;23272000;15000000;15000000;0;0;23272000;;1,73;0,21;755;Em execu√ß√£o;
Educa√ß√£o;SEED;12;Mireille M F Z Machado, C E C-M PR-EF M ‚Äî unidade nova;Mandirituba;Mandirituba;13272945,32;10568504;10568503,81;2949820,14;6177654,25;7095291,07;05/06/2025;0;0;755;Indefinido;
Educa√ß√£o;SEED;12;"Moradias Monteiro Lobato C E-EF M ‚Äî 08 salas de aula; 01 bloco de sanit√°rios; 01 p√°tio coberto; 01 laborat√≥rio de inform√°tica; 01 refeit√≥rio; 01 sala multiuso; 01 casa do permission√°rio.";Curitiba;Curitiba;4646819,08;4414342;4414341,36;744550,42;2102384,42;2544434,66;02/06/2025;58,4;52,04;755;Em execu√ß√£o;
Educa√ß√£o;SEED;12;"Nirlei Medeiros C E-EF M PROFIS ‚Äî 07 salas de aula; 01 laborat√≥rio de inform√°tica; 01 bloco de sanit√°rios; 01 refeit√≥rio (ampliar existente); 01 sala multiuso; 01 dep√≥sito de merenda.";Curitiba;Curitiba;5014316,45;5014317;5014316,45;0;2437691,85;2576624,6;11/06/2025;68,05;56,43;755;Em execu√ß√£o;
Educa√ß√£o;SEED;12;Pinheiro do Paran√° C E-EF M PROFIS ‚Äî 04 salas de aula;Curitiba;Curitiba;3031292,89;2799009;2799008,3;1428330,08;2415980,97;615311,92;16/06/2025;80,78;79,7;755;Em execu√ß√£o;
Educa√ß√£o;SEED;12;UNIDADE NOVA ESCOLAR JARDIM MADRID 2024;Curitiba;Curitiba;24889925,62;4949908;0;0;0;24889925,62;;0;0;755;Indefinido;
Educa√ß√£o;SEED;12;UNIDADE NOVA ESCOLAR JARDIM MADRID 2025;Curitiba;Curitiba;24889925,62;600000;600000;575855,91;0;24889925,62;;0;0;755;Indefinido;
