SETORES;ÓRGÃO;FUNÇÃO;PROJETO;MUNICÍPIO;MUNICÍPIOS BENEFICIADOS;VALOR TOTAL DO PROJETO;ORÇAMENTO DISPONIBILIZADO;VALOR EMPENHADO;VALOR LIQUIDADO;VALOR PAGO;SALDO;DATA DO REPASSE;EXECUÇÃO FÍSICA;EXECUÇÃO FINANCEIRA;NÚMERO DA FONTE;STATUS;OBSERVAÇÃO
Infraestrutura;SEIL;26;Pavimentação PR-092, Cerro Azul - Dr. Ulysses (sub-trecho iniciando em Dr. Ulysses) (Lote 1);Doutor Ulysses;"Doutor Ulysses; Cerro Azul";R$ 61.719.867,09;56.919.000,00;56.919.000,00;2.890.905,05;2.890.905,05;R$ 58.828.962,04;;6,77%;4,68%;755;Em execução;Obra em andamento - início em 08/04/2024. Contrato vigente até junho de 2026.
Infraestrutura;SEIL;26;Restauração em Whitetopping e Ampl. Capacidade (3ª faixa), PR-180, Goioerê- Quarto Centenário - 11,13km;Quarto Centenário;"Quarto Centenário; Goioerê";R$ 67.939.127,00;61.708.743,49;61.708.743,49;61.340.220,39;61.340.220,39;R$ 6.598.906,61;;96,26%;90,29%;755;Em execução;Obra em andamento início em (12/2023). Contrato vigente até julho de 2025.
Infraestrutura;SEIL;26;Execução das obras de Implantação da PR-990, entre a PR-364 e a cidade de Rebouças;Rebouças;;R$ 90.658.114,75;87.300.000,00;87.300.000,00;6.806.459,76;6.806.459,76;R$ 83.851.654,99;;7,60%;7,51%;755;Em execução;Projeto Executivo em andamento 04/2024. Contrato vigente até maio de 2026.
Infraestrutura;SEIL;26;Elaboração do projeto executivo de implantação da rodovia PR-239, trecho: Mato Rico a Roncador;Mato Rico;;R$ 95.680.000,00; - ; -   ; -   ; -   ;;;0,00%;0,00%;755;Em licitação;Em licitação (01/04/25)
Infraestrutura;SEIL;26;Contratação Integrada de Empresa para Elaboração dos Projetos Básico e  Executivo e Execução das Obras de Restauração com Melhorias das Rodovias PR-180 e PR-281, no trecho Dois Vizinhos - Francisco Beltrão (com Salto do Lontra);Dois Vizinhos;"Dois Vizinhos; Francisco Beltrão";R$ 96.357.474,33;90.849.999,00;90.849.999,00;2.839.635,83;2.839.635,83;R$ 93.517.838,50;;2,95%;2,95%;755;Em execução;Obra em andamento - início em 02/12/2024. Contrato vigente até fevereiro de 2027.
Infraestrutura;SEIL;26;Execução das obras de duplicação e restauração da rodovia PRC-466 entre o entroncamento da Rodovia Municipal em Palmeirinha e o início da pista dupla em Guarapuava [Subtrecho 2] (TURVO - GUARAPUAVA);Guarapuava;;R$ 143.001.638,56;118.000.000,00;118.000.000,00;66.129.247,28;66.129.247,28;R$ 76.872.391,28;;45,98%;46,24%;755;Em execução;Obra em andamento - ínicio em 05/09/2024. Contrato vigente até maio de 2026.
Infraestrutura;SEIL;26;Elaboração dos Projetos Básico e Executivo e Execução das Obras de Restauração em Whitetopping na PRC-280, entre Clevelândia e Pato Branco;Pato Branco;"Pato Branco; Clevelândia";R$ 185.239.000,61;180.950.000,00;185.239.000,61;166.541.418,83;166.541.418,83;R$ 18.697.581,78;;89,88%;89,91%;755;Em execução;Obra em andamento - início em 12/08/2024. Contrato vigente até fevereiro de 2026.
Infraestrutura;SEIL;26;Execução das obras de restauração e ampliação de capacidade da rodovia PR-151, no trecho compreendido entre o entroncamento com a PR-438, km 344,51, em Ponta Grossa, e a interseção com a BR-277, km 377,22 em Palmeira;Palmeira;"Palmeira; Ponta Grossa";R$ 257.215.000,14;30.000.000,00; -   ;23.146.147,97;23.146.147,97;R$ 234.068.852,17;;9,00%;9,00%;755;Em execução;Obra em andamento - Início em 29/01/25. Contrato vigente até outubro de 2027.
Infraestrutura;SEIL;26;Execução das obras de duplicação em pavimento rígido da PR-412 e implantação de vias marginais, entre a ponte sobre o canal em Matinhos e a interseção com a rodovia PR-407 em Pontal do Paraná;Matinhos;;R$ 274.500.000,00;16.555.308,00;19.545.308,00;1.414.816,18;1.414.816,18;R$ 273.085.183,82;;0,48%;0,52%;755;Indeterminado;Licitação homologada, aguardando contrato. Contrato vigente até junho de 2028.
Infraestrutura;SEIL;26;Execução das obras de duplicação e restauração em Whitetopping da rodovia PRC-466, de Turvo a Palmeirinha [Subtrecho 1] (TURVO - GUARAPUAVA);Palmeirinha;"Turvo;Palmeirinha";R$ 293.750.000,00;293.750.000,00;293.750.000,00;R$ 2.981.790,57;2.981.790,57;R$ 290.768.209,43;;1,02%;1,02%;;Em execução;Contrato vigente até abril de 2027.
Infraestrutura;SEIL;26;Contratação semi-integrada para elaboração do projeto executivo e execução das obras de duplicação e restauração da rodovia PR-170/PRC-466, de Pitanga a Turvo;Turvo;"Pitanga;Turvo";R$ 514.230.020,00;29.793.758,00;29.793.758,00;8.256.744,96;8.256.744,96;R$ 505.973.275,04;;1,52%;1,61%;;Em execução;Contrato vigente até julho de 2027.
Cidades;SECID;15;PAVIMENTAÇÃO DE VIAS URBANAS;ALTO PARAISO;ALTO PARAISO;5.000.000,00;;2.047.588,68;2.047.588,68;2.047.588,68;2.952.411,32;14/02/2025;40,95%;40,95%;500;Em Execução;Início do contrato em: 06/10/2023. Vigente até: 06/10/2025
Cidades;SECID;15;PAVIMENTAÇÃO DE VIAS URBANAS;ANGULO;ANGULO;5.000.000,00;;975.612,55;975.612,55;975.612,55;4.024.387,45;15/04/2025;0%;0%;500;Em Execução;Início do contrato em: 06/10/2023. Vigente até: 06/10/2025
Cidades;SECID;15;PAVIMENTAÇÃO DE VIAS URBANAS;ARAPUA;ARAPUA;5.000.000,00;; -   ; -   ; -   ;5.000.000,00;14/06/2024;91,42%;91,42%;500;Em Execução;Início do contrato em: 21/09/2023. Vigente até: 21/09/2025
Cidades;SECID;15;PAVIMENTAÇÃO DE VIAS URBANAS;ARIRANHA DO IVAI;ARIRANHA DO IVAI;5.000.000,00;;  ;  ;4.350.725,36;649.274,64;31/07/2024;87,01%;87,01%;500;Em Execução;Início do contrato em: 21/09/2023. Vigente até: 21/09/2025
Cidades;SECID;15;PAVIMENTAÇÃO DE VIAS URBANAS;BOA ESPERANCA DO IGUACU;BOA ESPERANCA DO IGUACU;5.000.000,00;;259.398,90;259.398,90;259.398,90;4.740.601,10;30/04/2025;0%;0%;500;Em Execução;Início do contrato em: 20/09/2023. Vigente até: 20/09/2025
Cidades;SECID;15;PAVIMENTAÇÃO DE VIAS URBANAS;BOA VENTURA DE SAO ROQUE;BOA VENTURA DE SAO ROQUE;5.000.000,00;;1.655.744,50;1.655.744,50;1.655.744,50;3.344.255,50;27/02/2025;46,87%;46,87%;500;Em Execução;Início do contrato em: 26/10/2023. Vigente até: 26/10/2025
Cidades;SECID;15;PAVIMENTAÇÃO DE VIAS URBANAS;CAMPINA DO SIMAO;CAMPINA DO SIMAO;5.000.000,00;;4.406.979,66;399.574,02;399.574,02;4.600.425,98;19/05/2025;0%;0%;500;Em Execução;Início do contrato em: 06/10/2023. Vigente até: 06/10/2025
Cidades;SECID;15;PAVIMENTAÇÃO DE VIAS URBANAS;CORUMBATAI DO SUL;CORUMBATAI DO SUL;5.000.000,00;; -   ; -   ; -   ;5.000.000,00;26/07/2024;0%;0%;500;Em Execução;Início do contrato em: 06/10/2023. Vigente até: 06/10/2025
Cidades;SECID;15;PAVIMENTAÇÃO DE VIAS URBANAS;CRUZEIRO DO IGUACU;CRUZEIRO DO IGUACU;5.000.000,00;;3.006.277,70;3.006.277,70;3.006.277,70;1.993.722,30;16/04/2025;0%;0%;500;Em Execução;Início do contrato em: 06/10/2023. Vigente até: 06/10/2025
Cidades;SECID;15;PAVIMENTAÇÃO DE VIAS URBANAS;CRUZMALTINA;CRUZMALTINA;5.000.000,00;;598.329,28;598.329,28;598.329,28;4.401.670,72;30/04/2025;57,45%;57,45%;500;Em Execução;Início do contrato em: 05/10/2023. Vigente até: 05/10/2025
Cidades;SECID;15;PAVIMENTAÇÃO DE VIAS URBANAS;DIAMANTE DO NORTE;DIAMANTE DO NORTE;5.000.000,00;; -   ; -   ; -   ;5.000.000,00;09/08/2024;98,71%;98,71%;500;Em Execução;Início do contrato em: 25/09/2023. Vigente até: 25/09/2025
Cidades;SECID;15;PAVIMENTAÇÃO DE VIAS URBANAS;DOUTOR ULYSSES;DOUTOR ULYSSES;5.000.000,00;;182.227,45;182.227,45;182.227,45;4.817.772,55;18/11/2024;0%;0%;500;Em Execução;Início do contrato em: 20/09/2023. Vigente até: 20/09/2025
Cidades;SECID;15;PAVIMENTAÇÃO DE VIAS URBANAS;FERNANDES PINHEIRO;FERNANDES PINHEIRO;5.000.000,00;;2.176.379,84;2.176.379,84;2.176.379,84;2.823.620,16;31/10/2024;0%;0%;500;Em Execução;Início do contrato em: 07/11/2023. Vigente até: 07/11/2025
Cidades;SECID;15;PAVIMENTAÇÃO DE VIAS URBANAS;FLOR DA SERRA DO SUL;FLOR DA SERRA DO SUL;5.000.000,00;;625.021,45;625.021,45;625.021,45;4.374.978,55;05/02/2025;0%;0%;500;Em Execução;Início do contrato em: 07/11/2023. Vigente até: 07/11/2025
Cidades;SECID;15;PAVIMENTAÇÃO DE VIAS URBANAS;FOZ DO JORDAO;FOZ DO JORDAO;5.000.000,00;;416.560,77;416.560,77;416.560,77;4.583.439,23;05/02/2025;0%;0%;500;Em Execução;Início do contrato em: 25/10/2023. Vigente até: 25/10/2025
Cidades;SECID;15;PAVIMENTAÇÃO DE VIAS URBANAS;GUAPOREMA;GUAPOREMA;5.000.000,00;;2.352.587,67;2.352.587,67;2.352.587,67;2.647.412,33;14/03/2025;47,05%;47,05%;500;Em Execução;Início do contrato em: 21/09/2023. Vigente até: 21/09/2025
Cidades;SECID;15;PAVIMENTAÇÃO DE VIAS URBANAS;IBEMA;IBEMA;5.000.000,00;;2.222.736,72;2.222.736,72;2.222.736,72;2.777.263,28;31/03/2025;44,45%;44,45%;500;Em Execução;Início do contrato em: 27/10/2023. Vigente até: 27/10/2025
Cidades;SECID;15;PAVIMENTAÇÃO DE VIAS URBANAS;ITAUNA DO SUL;ITAUNA DO SUL;5.000.000,00;;3.673.546,64;1.058.728,29;1.058.728,29;3.941.271,71;12/03/2025;21,17%;21,17%;500;Em execução;Início do contrato em: 20/09/2023. Vigente até: 20/09/2025
Cidades;SECID;15;PAVIMENTAÇÃO DE VIAS URBANAS;IVATUBA;IVATUBA;5.000.000,00;; -   ; -   ; -   ;5.000.000,00;21/11/2024;0%;0%;500;Em Execução;Início do contrato em: 21/09/2023. Vigente até: 21/09/2025
Cidades;SECID;15;PAVIMENTAÇÃO DE VIAS URBANAS;JAPIRA;JAPIRA;5.000.000,00;;1.472.834,44;1.472.834,44;1.472.834,44;3.527.165,56;25/10/2024;29,46%;29,46%;500;Em Execução;Início do contrato em: 30/08/2023. Vigente até: 30/08/2025
Cidades;SECID;15;PAVIMENTAÇÃO DE VIAS URBANAS;JUNDIAI DO SUL;JUNDIAI DO SUL;5.000.000,00;;1.280.805,92;1.280.805,92;1.280.805,92;3.719.194,08;10/06/2024;25,62%;25,62%;500;Em Execução;Início do contrato em: 30/10/2023. Vigente até: 30/10/2025
Cidades;SECID;15;PAVIMENTAÇÃO DE VIAS URBANAS;LINDOESTE;LINDOESTE;5.000.000,00;; -   ; -   ; -   ;5.000.000,00;24/02/2025;0%;0%;500;Em Execução;Início do contrato em: 06/10/2023. Vigente até: 06/10/2025
Cidades;SECID;15;PAVIMENTAÇÃO DE VIAS URBANAS;LUNARDELLI;LUNARDELLI;5.000.000,00;;1.670.266,01;1.670.266,01;1.670.266,01;3.329.733,99;01/04/2025;33,41%;33,41%;500;Em Execução;Início do contrato em: 30/08/2023. Vigente até: 30/08/2025
Cidades;SECID;15;PAVIMENTAÇÃO DE VIAS URBANAS;LUPIONOPOLIS;LUPIONOPOLIS;5.000.000,00;;1.054.668,77;1.054.668,77;1.054.668,77;3.945.331,23;22/11/2024;21,09%;21,09%;500;Em Execução;Início do contrato em: 30/08/2023. Vigente até: 30/08/2025
Cidades;SECID;15;PAVIMENTAÇÃO DE VIAS URBANAS;MANFRINOPOLIS;MANFRINOPOLIS;5.000.000,00;;1.587.611,02;1.587.611,02;1.587.611,02;3.412.388,98;19/02/2025;31,75%;31,75%;500;Em Execução;Início do contrato em: 05/10/2023. Vigente até: 05/10/2025
Cidades;SECID;15;PAVIMENTAÇÃO DE VIAS URBANAS;MARIA HELENA;MARIA HELENA;5.000.000,00;;1.594.751,13;1.594.751,13;1.594.751,13;3.405.248,87;20/03/2025;31,90%;31,90%;500;Em Execução;Início do contrato em: 28/09/2023. Vigente até: 28/09/2025
Cidades;SECID;15;PAVIMENTAÇÃO DE VIAS URBANAS;MARIPA;MARIPA;5.000.000,00;;1.556.303,31;1.556.303,31;1.556.303,31;3.443.696,69;16/04/2025;31,13%;31,13%;500;Em Execução;Início do contrato em: 26/10/2023. Vigente até: 26/10/2025
Cidades;SECID;15;PAVIMENTAÇÃO DE VIAS URBANAS;MARQUINHO;MARQUINHO;5.000.000,00;;2.228.030,06;2.228.030,06;2.228.030,06;2.771.969,94;18/11/2024;44,56%;44,56%;500;Em Execução;Início do contrato em: 20/09/2023. Vigente até: 20/09/2025
Cidades;SECID;15;PAVIMENTAÇÃO DE VIAS URBANAS;MATO RICO;MATO RICO;5.000.000,00;; -   ; -   ; -   ;5.000.000,00;31/10/2024;0%;0%;500;Em Execução;Início do contrato em: 21/09/2023. Vigente até: 21/09/2025
Cidades;SECID;15;PAVIMENTAÇÃO DE VIAS URBANAS;NOSSA SENHORA DAS GRACAS;NOSSA SENHORA DAS GRACAS;5.000.000,00;;2.828.924,09;2.828.924,09;2.828.924,09;2.171.075,91;28/03/2025;56,58%;56,58%;500;Em Execução;Início do contrato em: 27/09/2023. Vigente até: 27/09/2025
Cidades;SECID;15;PAVIMENTAÇÃO DE VIAS URBANAS;NOVA ALIANCA DO IVAI;NOVA ALIANCA DO IVAI;5.000.000,00;;472.592,52;472.592,52;472.592,52;4.527.407,48;14/04/2025;9,45%;9,45%;500;Em Execução;Início do contrato em: 30/08/2023. Vigente até: 30/08/2025
Cidades;SECID;15;PAVIMENTAÇÃO DE VIAS URBANAS;OURIZONA;OURIZONA;5.000.000,00;;89.713,09;89.713,09;89.713,09;4.910.286,91;23/01/2025;1,79%;1,79%;500;Em Execução;Início do contrato em: 26/10/2023. Vigente até: 26/10/2025
Cidades;SECID;15;PAVIMENTAÇÃO DE VIAS URBANAS;PAULA FREITAS;PAULA FREITAS;5.000.000,00;;1.947.332,25;263.460,26;263.460,26;4.736.539,74;16/07/2024;5,27%;5,27%;500;Em Execução;Início do contrato em: 30/08/2023. Vigente até: 30/08/2025
Cidades;SECID;15;PAVIMENTAÇÃO DE VIAS URBANAS;PAULO FRONTIN;PAULO FRONTIN;5.000.000,00;;1.008.770,11;1.008.770,11;1.008.770,11;3.991.229,89;05/02/2025;20,18%;20,18%;500;Em Execução;Início do contrato em: 26/10/2023. Vigente até: 26/10/2025
Cidades;SECID;15;PAVIMENTAÇÃO DE VIAS URBANAS;PORTO BARREIRO;PORTO BARREIRO;5.000.000,00;;2.163.672,21;2.163.672,21;2.163.672,21;2.836.327,79;06/05/2025;43,27%;43,27%;500;Em Execução;Início do contrato em: 21/11/2023. Vigente até: 21/11/2025
Cidades;SECID;15;PAVIMENTAÇÃO DE VIAS URBANAS;PRANCHITA;PRANCHITA;5.000.000,00;;1.418.409,66;1.418.409,66;1.418.409,66;3.581.590,34;05/02/2025;28,37%;28,37%;500;Em Execução;Início do contrato em: 28/09/2023. Vigente até: 28/09/2025
Cidades;SECID;15;PAVIMENTAÇÃO DE VIAS URBANAS;RAMILANDIA;RAMILANDIA;5.000.000,00;;1.296.161,45;1.296.161,45;1.296.161,45;3.703.838,55;18/03/2025;25,92%;25,92%;500;Em Execução;Início do contrato em: 26/10/2023. Vigente até: 26/10/2025
Cidades;SECID;15;PAVIMENTAÇÃO DE VIAS URBANAS;RENASCENCA;RENASCENCA;5.000.000,00;;3.112.165,49;3.112.165,49;3.112.165,49;1.887.834,51;09/05/2025;62,24%;62,24%;500;Em Execução;Início do contrato em: 07/11/2023. Vigente até: 07/11/2025
Cidades;SECID;15;PAVIMENTAÇÃO DE VIAS URBANAS;SANTA LUCIA;SANTA LUCIA;5.000.000,00;;734.634,29;734.634,29;734.634,29;4.265.365,71;04/06/2025;14,69%;14,69%;500;Em Execução;Início do contrato em: 26/10/2023. Vigente até: 26/10/2025
Cidades;SECID;15;PAVIMENTAÇÃO DE VIAS URBANAS;SANTANA DO ITARARE;SANTANA DO ITARARE;5.000.000,00;;717.254,59;717.254,59;717.254,59;4.282.745,41;05/02/2025;14,35%;14,35%;500;Em Execução;Início do contrato em: 22/11/2023. Vigente até: 22/11/2025
Cidades;SECID;15;PAVIMENTAÇÃO DE VIAS URBANAS;SANTO INACIO;SANTO INACIO;5.000.000,00;;1.100.928,92;1.100.928,92;1.100.928,92;3.899.071,08;28/03/2025;22,02%;22,02%;500;Em Execução;Início do contrato em: 18/10/2023. Vigente até: 18/10/2025
Cidades;SECID;15;PAVIMENTAÇÃO DE VIAS URBANAS;SAO CARLOS DO IVAI;SAO CARLOS DO IVAI;5.000.000,00;;568.269,47;568.269,47;568.269,47;4.431.730,53;21/02/2025;11,37%;11,37%;500;Em Execução;Início do contrato em: 05/10/2023. Vigente até: 05/10/2025
Cidades;SECID;15;PAVIMENTAÇÃO DE VIAS URBANAS;SAO JOSE DA BOA VISTA;SAO JOSE DA BOA VISTA;5.000.000,00;; -   ; -   ; -   ;5.000.000,00;10/04/2025;0%;0%;500;Em Execução;Início do contrato em: 26/10/2023. Vigente até: 26/10/2025
Cidades;SECID;15;PAVIMENTAÇÃO DE VIAS URBANAS;SAO PEDRO DO IGUACU;SAO PEDRO DO IGUACU;5.000.000,00;;1.684.792,64;1.684.792,64;1.684.792,64;3.315.207,36;28/02/2025;33,70%;33,70%;500;Em Execução;Início do contrato em: 10/10/2023. Vigente até: 10/10/2025
Cidades;SECID;15;PAVIMENTAÇÃO DE VIAS URBANAS;SAUDADE DO IGUACU;SAUDADE DO IGUACU;5.000.000,00;;145.664,90;145.664,90;145.664,90;4.854.335,10;31/03/2025;2,91%;2,91%;500;Em Execução;Início do contrato em: 21/09/2023. Vigente até: 21/09/2025
Cidades;SECID;15;PAVIMENTAÇÃO DE VIAS URBANAS;SULINA;SULINA;5.000.000,00;;1.629.668,40;1.629.668,40;1.629.668,40;3.370.331,60;12/05/2025;32,59%;32,59%;500;Em Execução;Início do contrato em: 05/10/2023. Vigente até: 05/10/2025
Cidades;SECID;15;PAVIMENTAÇÃO DE VIAS URBANAS;VIRMOND;VIRMOND;5.000.000,00;;1.129.556,59;1.129.556,59;1.129.556,59;3.870.443,41;23/05/2025;22,59%;22,59%;500;Em Execução;Início do contrato em: 21/09/2023. Vigente até: 21/09/2025
Cidades;SECID;15;PAVIMENTAÇÃO DE VIAS URBANAS;ITAGUAJE;ITAGUAJE;4.987.892,03;;520.152,05;520.152,05;520.152,05;4.467.739,98;14/06/2024;10,43%;10,43%;500;Em Execução;Início do contrato em: 20/11/2023. Vigente até: 20/11/2025
Cidades;SECID;15;PAVIMENTAÇÃO DE VIAS URBANAS;PARANAPOEMA;PARANAPOEMA;4.950.400,00;;132.844,66;132.844,66;132.844,66;4.817.555,34;16/10/2024;2,68%;2,68%;500;Em Execução;Início do contrato em: 06/10/2023. Vigente até: 06/10/2025
Cidades;SECID;15;PAVIMENTAÇÃO DE VIAS URBANAS;INDIANOPOLIS;INDIANOPOLIS;4.920.206,03;; -   ; -   ; -   ;4.920.206,03;27/11/2024;0%;0%;500;Em Execução;Início do contrato em: 21/09/2023. Vigente até: 21/09/2025
Cidades;SECID;15;PAVIMENTAÇÃO DE VIAS URBANAS;MIRASELVA;MIRASELVA;4.910.428,93;;1.159.606,67;1.159.606,67;1.159.606,67;3.750.822,26;22/04/2025;23,62%;23,62%;500;Em Execução;Início do contrato em: 04/10/2023. Vigente até: 04/10/2025
Cidades;SECID;15;PAVIMENTAÇÃO DE VIAS URBANAS;VITORINO;VITORINO;4.794.557,60;;991.618,07;991.618,07;991.618,07;3.802.939,53;22/10/2024;20,68%;20,68%;500;Em Execução;Início do contrato em: 22/09/2023. Vigente até: 22/09/2025
Cidades;SECID;15;PAVIMENTAÇÃO DE VIAS URBANAS;PORTO VITORIA;PORTO VITORIA;4.760.924,80;;3.327.768,86;3.327.768,86;3.327.768,86;1.433.155,94;18/03/2025;69,90%;69,90%;500;Em Execução;Início do contrato em: 27/10/2023. Vigente até: 27/10/2025
Cidades;SECID;15;PAVIMENTAÇÃO DE VIAS URBANAS;ALTAMIRA DO PARANA;ALTAMIRA DO PARANA;4.719.200,00;;838.283,21;838.283,21;838.283,21;3.880.916,79;28/04/2025;17,76%;17,76%;500;Em Execução;Início do contrato em: 09/11/2023. Vigente até: 09/11/2025
Cidades;SECID;15;PAVIMENTAÇÃO DE VIAS URBANAS;PINHALAO;PINHALAO;4.661.172,08;; -   ; -   ; -   ;4.661.172,08;25/11/2024;0%;0%;500;Em Execução;Início do contrato em: 30/08/2023. Vigente até: 30/08/2025
Cidades;SECID;15;PAVIMENTAÇÃO DE VIAS URBANAS;MARIOPOLIS;MARIOPOLIS;4.474.400,00;; -   ; -   ; -   ;4.474.400,00;09/09/2024;0%;0%;500;Em Execução;Início do contrato em: 06/10/2023. Vigente até: 06/10/2025
Cidades;SECID;15;PAVIMENTAÇÃO DE VIAS URBANAS;CAMPO BONITO;CAMPO BONITO;4.338.400,00;;371.362,83;371.362,83;371.362,83;3.967.037,17;08/01/2025;0%;0%;500;Em Execução;Início do contrato em: 27/10/2023. Vigente até: 27/10/2025
Cidades;SECID;15;PAVIMENTAÇÃO DE VIAS URBANAS;FLORIDA;FLORIDA;3.755.162,35;; -   ; -   ; -   ;3.755.162,35;05/09/2024;0%;0%;500;Em Execução;Início do contrato em: 06/10/2023. Vigente até: 06/10/2025
Cidades;SECID;15;PAVIMENTAÇÃO DE VIAS URBANAS;SANTA INES;SANTA INES;3.706.555,24;; -   ; -   ; -   ;3.706.555,24;11/11/2024;0%;0%;500;Em Execução;Início do contrato em: 18/10/2023. Vigente até: 18/10/2025
Cidades;SECID;15;PAVIMENTAÇÃO DE VIAS URBANAS;LIDIANOPOLIS;LIDIANOPOLIS;3.569.619,20;;1.806.148,64;1.806.148,64;1.806.148,64;1.763.470,56;22/01/2025;50,60%;50,60%;500;Em Execução;Início do contrato em: 18/10/2023. Vigente até: 18/10/2025
Cidades;SECID;15;PAVIMENTAÇÃO DE VIAS URBANAS;SANTO ANTONIO DO PARAISO;SANTO ANTONIO DO PARAISO;3.549.600,00;;367.978,96;154.393,85;154.393,85;3.395.206,15;22/11/2024;4,35%;4,35%;500;Em Execução;Início do contrato em: 22/09/2023. Vigente até: 22/09/2025
Cidades;SECID;15;PAVIMENTAÇÃO DE VIAS URBANAS;XAMBRE;XAMBRE;3.481.600,00;;590.047,28;590.047,28;590.047,28;2.891.552,72;24/03/2025;16,95%;16,95%;500;Em Execução;Início do contrato em: 26/10/2023. Vigente até: 26/10/2025
Cidades;SECID;15;PAVIMENTAÇÃO DE VIAS URBANAS;SAO MANOEL DO PARANA;SAO MANOEL DO PARANA;3.304.800,00;;30.233,85;30.233,85;30.233,85;3.274.566,15;17/02/2025;0,91%;0,91%;500;Em Execução;Início do contrato em: 21/09/2023. Vigente até: 21/09/2025
Cidades;SECID;15;PAVIMENTAÇÃO DE VIAS URBANAS;SERTANEJA;SERTANEJA;2.571.147,60;; -   ; -   ; -   ;2.571.147,60;12/02/2025;0%;0%;500;Em Execução;Início do contrato em: 26/10/2023. Vigente até: 26/10/2025
Cidades;SECID;15;PAVIMENTAÇÃO DE VIAS URBANAS;CAFEARA;CAFEARA;2.425.696,00;;1.635.375,91;1.468.213,18;1.468.213,18;957.482,82;10/03/2025;0%;0%;500;Em Execução;Início do contrato em: 18/10/2023. Vigente até: 18/10/2025
Cidades;SECID;15;PAVIMENTAÇÃO DE VIAS URBANAS;BOM SUCESSO DO SUL;BOM SUCESSO DO SUL;2.016.236,00;;234.113,50;234.113,50;234.113,50;1.782.122,50;27/11/2024;0%;0%;500;Em Execução;Início do contrato em: 20/09/2023. Vigente até: 20/09/2025
Cidades;SECID;15;PAVIMENTAÇÃO DE VIAS URBANAS;RANCHO ALEGRE DO OESTE;RANCHO ALEGRE DO OESTE;1.890.400,00;;570.528,41;570.528,41;570.528,41;1.319.871,59;08/05/2025;30,18%;30,18%;500;Em Execução;Início do contrato em: 22/11/2023. Vigente até: 22/11/2025
Cidades;SECID;15;ILUMINAÇÃO PÚBLICA;FLORESTA;FLORESTA;1.625.000,00;; -   ; -   ; -   ;1.625.000,00;20/08/2024;100%;100%;500;Concluído;Início do contrato em: 27/10/2023. Vigente até: 27/10/2025
Cidades;SECID;15;PAVIMENTAÇÃO DE VIAS URBANAS;RANCHO ALEGRE;RANCHO ALEGRE;1.444.469,60;; -   ; -   ; -   ;1.444.469,60;27/06/2024;0%;0%;500;Em Execução;Início do contrato em: 30/08/2023. Vigente até: 30/08/2025
Cidades;SECID;15;PAVIMENTAÇÃO DE VIAS URBANAS;QUARTO CENTENARIO;QUARTO CENTENARIO;1.428.000,00;;1.403.322,47;445.631,21;445.631,21;982.368,79;07/03/2025;31,21%;31,21%;500;Em Execução;Início do contrato em: 30/10/2023. Vigente até: 30/10/2025
Cidades;SECID;15;PAVIMENTAÇÃO DE VIAS URBANAS;NOVA AMERICA DA COLINA;NOVA AMERICA DA COLINA;1.373.600,00;;60.266,86;60.266,86;60.266,86;1.313.333,14;11/04/2025;4,39%;4,39%;500;Em Execução;Início do contrato em: 07/11/2023. Vigente até: 07/11/2025
Cidades;SECID;15;PAVIMENTAÇÃO DE VIAS URBANAS;SAO TOME;SAO TOME;1.319.200,00;;165.960,45;165.960,45;165.960,45;1.153.239,55;17/03/2025;12,58%;12,58%;500;Em Execução;Início do contrato em: 05/10/2023. Vigente até: 05/10/2025
Cidades;SECID;15;ILUMINAÇÃO PÚBLICA;MARIPA;MARIPA;1.289.000,00;;  ;  ;873.367,34;415.632,66;30/09/2024;67,76%;67,76%;500;Em Execução;Início do contrato em: 26/10/2023. Vigente até: 26/10/2025
Cidades;SECID;15;ILUMINAÇÃO PÚBLICA;SAO CARLOS DO IVAI;SAO CARLOS DO IVAI;1.265.000,00;;569.728,44;569.728,44;569.728,44;695.271,56;28/02/2025;45,04%;45,04%;500;Em Execução;Início do contrato em: 26/10/2023. Vigente até: 26/10/2025
Cidades;SECID;15;ILUMINAÇÃO PÚBLICA;JANIOPOLIS;JANIOPOLIS;1.095.000,00;; -   ; -   ; -   ;1.095.000,00;11/11/2024;0%;0%;500;Em Execução;Início do contrato em: 21/09/2023. Vigente até: 21/09/2025
Cidades;SECID;15;ILUMINAÇÃO PÚBLICA;XAMBRE;XAMBRE;1.041.000,00;; -   ; -   ; -   ;1.041.000,00;22/08/2024;0%;0%;500;Em Execução;Início do contrato em: 26/10/2023. Vigente até: 26/10/2025
Cidades;SECID;15;ILUMINAÇÃO PÚBLICA;SANTO INACIO;SANTO INACIO;1.008.000,00;;962.826,32;962.826,32;962.826,32;45.173,68;10/02/2025;95,52%;95,52%;500;Em Execução;Início do contrato em: 18/10/2023. Vigente até: 18/10/2025
Cidades;SECID;15;PAVIMENTAÇÃO DE VIAS URBANAS;MUNHOZ DE MELLO;MUNHOZ DE MELLO;911.200,00;;347.515,63;347.515,63;347.515,63;563.684,37;11/02/2025;38,14%;38,14%;500;Em Execução;Início do contrato em: 06/10/2023. Vigente até: 06/10/2025
Cidades;SECID;15;ILUMINAÇÃO PÚBLICA;DIAMANTE DO NORTE;DIAMANTE DO NORTE;851.000,00;;  ;  ;839.984,16;11.015,84;30/09/2024;0%;0%;500;Em Execução;Início do contrato em: 25/09/2023. Vigente até: 25/09/2025
Cidades;SECID;15;ILUMINAÇÃO PÚBLICA;MARIOPOLIS;MARIOPOLIS;842.000,00;; -   ; -   ; -   ;842.000,00;12/11/2024;0%;0%;500;Em Execução;Início do contrato em: 06/10/2023. Vigente até: 06/10/2025
Cidades;SECID;15;ILUMINAÇÃO PÚBLICA;MARIA HELENA;MARIA HELENA;774.000,00;;  ;  ;142.500,00;631.500,00;25/04/2024;18,41%;18,41%;500;Em Execução;Início do contrato em: 28/09/2023. Vigente até: 28/09/2025
Cidades;SECID;15;ILUMINAÇÃO PÚBLICA;SAO TOME;SAO TOME;751.000,00;;  ;  ;750.998,00;2;26/08/2024;100%;100%;500;Concluído;Início do contrato em: 05/10/2023. Vigente até: 05/10/2025
Cidades;SECID;15;ILUMINAÇÃO PÚBLICA;QUINTA DO SOL;QUINTA DO SOL;736.000,00;;220.293,78;220.293,78;220.293,78;515.706,22;04/11/2024;29,93%;29,93%;500;Em Execução;Início do contrato em: 26/10/2023. Vigente até: 26/10/2025
Cidades;SECID;15;ILUMINAÇÃO PÚBLICA;SAPOPEMA;SAPOPEMA;730.000,00;;  ;  ;408.000,00;322.000,00;24/06/2024;55,89%;55,89%;500;Em Execução;Início do contrato em: 26/10/2023. Vigente até: 26/10/2025
Cidades;SECID;15;PAVIMENTAÇÃO DE VIAS URBANAS;NOVA SANTA BARBARA;NOVA SANTA BARBARA;707.200,00;;  ;  ;581.458,70;125.741,30;12/11/2024;82,22%;82,22%;500;Em Execução;Início do contrato em: 05/10/2023. Vigente até: 05/10/2025
Cidades;SECID;15;ILUMINAÇÃO PÚBLICA;GRANDES RIOS;GRANDES RIOS;703.000,00;; -   ; -   ; -   ;703.000,00;30/07/2024;0%;0%;500;Em Execução;Início do contrato em: 20/11/2023. Vigente até: 20/11/2025
Cidades;SECID;15;PAVIMENTAÇÃO DE VIAS URBANAS;NOVA ESPERANCA DO SUDOESTE;NOVA ESPERANCA DO SUDOESTE;680.000,00;;  ;  ;509.141,16;170.858,84;30/10/2024;74,87%;74,87%;500;Em Execução;Início do contrato em: 22/09/2023. Vigente até: 22/09/2025
Cidades;SECID;15;ILUMINAÇÃO PÚBLICA;JABOTI;JABOTI;664.000,00;;  ;  ;485.663,23;178.336,77;21/06/2024;73,14%;73,14%;500;Em Execução;Início do contrato em: 26/10/2023. Vigente até: 26/10/2025
Cidades;SECID;15;ILUMINAÇÃO PÚBLICA;LINDOESTE;LINDOESTE;653.000,00;;  ;  ;389.000,00;264.000,00;18/04/2024;59,57%;59,57%;500;Em Execução;Início do contrato em: 06/10/2023. Vigente até: 06/10/2025
Cidades;SECID;15;ILUMINAÇÃO PÚBLICA;CRUZEIRO DO SUL;CRUZEIRO DO SUL;649.000,00;;  ;  ;568.374,10;80.625,90;04/07/2024;87,58%;87,58%;500;Em Execução;Início do contrato em: 21/09/2023. Vigente até: 21/09/2025
Cidades;SECID;15;ILUMINAÇÃO PÚBLICA;INDIANOPOLIS;INDIANOPOLIS;646.000,00;; -   ; -   ; -   ;646.000,00;22/11/2024;0%;0%;500;Em Execução;Início do contrato em: 21/09/2023. Vigente até: 21/09/2025
Cidades;SECID;15;ILUMINAÇÃO PÚBLICA;NOSSA SENHORA DAS GRACAS;NOSSA SENHORA DAS GRACAS;642.000,00;;228.128,90;228.128,90;228.128,90;413.871,10;28/11/2024;35,53%;35,53%;500;Em Execução;Início do contrato em: 27/09/2023. Vigente até: 27/09/2025
Cidades;SECID;15;ILUMINAÇÃO PÚBLICA;PAULA FREITAS;PAULA FREITAS;631.000,00;; -   ; -   ; -   ;631.000,00;16/01/2025;0%;0%;500;Em Execução;Início do contrato em: 22/09/2023. Vigente até: 22/09/2025
Cidades;SECID;15;ILUMINAÇÃO PÚBLICA;LIDIANOPOLIS;LIDIANOPOLIS;628.000,00;;  ;  ;439.650,38;188.349,62;21/10/2024;70,01%;70,01%;500;Em Execução;Início do contrato em: 21/09/2023. Vigente até: 21/09/2025
Cidades;SECID;15;ILUMINAÇÃO PÚBLICA;SANTA LUCIA;SANTA LUCIA;624.000,00;; -   ; -   ; -   ;624.000,00;31/07/2024;0%;0%;500;Em Execução;Início do contrato em: 26/10/2023. Vigente até: 26/10/2025
Cidades;SECID;15;ILUMINAÇÃO PÚBLICA;SANTA CECILIA DO PAVAO;SANTA CECILIA DO PAVAO;620.000,00;;  ;  ;541.100,00;78.900,00;01/10/2024;87,27%;87,27%;500;Em Execução;Início do contrato em: 24/11/2023. Vigente até: 24/11/2025
Cidades;SECID;15;ILUMINAÇÃO PÚBLICA;NOVA SANTA BARBARA;NOVA SANTA BARBARA;617.000,00;;  ;  ;317.706,19;299.293,81;28/05/2024;51,49%;51,49%;500;Em Execução;Início do contrato em: 21/09/2023. Vigente até: 21/09/2025
Cidades;SECID;15;ILUMINAÇÃO PÚBLICA;RANCHO ALEGRE;RANCHO ALEGRE;613.000,00;;  ;  ;495.100,00;117.900,00;20/08/2024;80,77%;80,77%;500;Em Execução;Início do contrato em: 25/10/2023. Vigente até: 25/10/2025
Cidades;SECID;15;ILUMINAÇÃO PÚBLICA;PORTO VITORIA;PORTO VITORIA;558.000,00;;  ;  ;484.500,00;73.500,00;10/06/2024;86,83%;86,83%;500;Em Execução;Início do contrato em: 27/10/2023. Vigente até: 27/10/2025
Cidades;SECID;15;ILUMINAÇÃO PÚBLICA;SAO PEDRO DO PARANA;SAO PEDRO DO PARANA;550.000,00;;  ;  ;550.000,00; -   ;25/04/2024;100%;100%;500;Concluído;Início do contrato em: 21/09/2023. Vigente até: 21/09/2025
Cidades;SECID;15;ILUMINAÇÃO PÚBLICA;ANGULO;ANGULO;546.000,00;;  ;  ;546.000,00; -   ;26/02/2024;100%;100%;500;Concluído;Início do contrato em: 21/09/2023. Vigente até: 21/09/2025
Cidades;SECID;15;ILUMINAÇÃO PÚBLICA;GUAPIRAMA;GUAPIRAMA;544.000,00;;  ;  ;499.999,98;44.000,02;10/07/2024;91,91%;91,91%;500;Em Execução;Início do contrato em: 06/10/2023. Vigente até: 06/10/2025
Cidades;SECID;15;ILUMINAÇÃO PÚBLICA;DIAMANTE DO OESTE;DIAMANTE DO OESTE;514.000,00;;  ;  ;483.054,98;30.945,02;10/06/2024;93,98%;93,98%;500;Em Execução;Início do contrato em: 26/10/2023. Vigente até: 26/10/2025
Cidades;SECID;15;ILUMINAÇÃO PÚBLICA;DOUTOR ULYSSES;DOUTOR ULYSSES;473.000,00;;315.536,37;315.536,37;315.536,37;157.463,63;;0%;0%;500;Em Execução;Início do contrato em: 20/09/2023. Vigente até: 20/09/2025
Cidades;SECID;15;ILUMINAÇÃO PÚBLICA;NOVA AMERICA DA COLINA;NOVA AMERICA DA COLINA;468.000,00;;  ;  ;338.449,70;129.550,30;29/04/2024;72,32%;72,32%;500;Em Execução;Início do contrato em: 30/10/2023. Vigente até: 30/10/2025
Cidades;SECID;15;ILUMINAÇÃO PÚBLICA;SAO JOSE DAS PALMEIRAS;SAO JOSE DAS PALMEIRAS;468.000,00;;  ;  ;100.000,00;368.000,00;19/06/2024;21,37%;21,37%;500;Em Execução;Início do contrato em: 30/10/2023. Vigente até: 30/10/2025
Cidades;SECID;15;ILUMINAÇÃO PÚBLICA;IVATUBA;IVATUBA;452.000,00;;  ;  ;364.900,00;87.100,00;25/03/2024;80,73%;80,73%;500;Em Execução;Início do contrato em: 21/09/2023. Vigente até: 21/09/2025
Cidades;SECID;15;ILUMINAÇÃO PÚBLICA;OURIZONA;OURIZONA;432.000,00;;  ;  ;321.080,00;110.920,00;07/10/2024;74,32%;74,32%;500;Em Execução;Início do contrato em: 26/10/2023. Vigente até: 26/10/2025
Cidades;SECID;15;ILUMINAÇÃO PÚBLICA;JUNDIAI DO SUL;JUNDIAI DO SUL;426.000,00;;  ;  ;322.049,00;103.951,00;21/11/2024;75,60%;75,60%;500;Em Execução;Início do contrato em: 23/11/2023. Vigente até: 23/11/2025
Cidades;SECID;15;ILUMINAÇÃO PÚBLICA;PARANAPOEMA;PARANAPOEMA;416.000,00;;  ;  ;227.650,50;188.349,50;31/03/2025;54,72%;54,72%;500;Em Execução;Início do contrato em: 27/10/2023. Vigente até: 27/10/2025
Cidades;SECID;15;ILUMINAÇÃO PÚBLICA;CAFEARA;CAFEARA;405.000,00;;  ;  ;291.000,00;114.000,00;11/11/2024;71,85%;71,85%;500;Em Execução;Início do contrato em: 06/10/2023. Vigente até: 06/10/2025
Cidades;SECID;15;ILUMINAÇÃO PÚBLICA;CRUZMALTINA;CRUZMALTINA;403.000,00;;  ;  ;231.525,00;171.475,00;19/11/2024;0%;0%;500;Em Execução;Início do contrato em: 05/10/2023. Vigente até: 05/10/2025
Cidades;SECID;15;ILUMINAÇÃO PÚBLICA;ITAUNA DO SUL;ITAUNA DO SUL;372.000,00;;  ;  ;372.000,00; -   ;29/05/2024;100%;100%;500;Concluído;Início do contrato em: 20/09/2023. Vigente até: 20/09/2025
Cidades;SECID;15;ILUMINAÇÃO PÚBLICA;SULINA;SULINA;371.000,00;;  ;  ;252.163,28;118.836,72;26/06/2024;67,97%;67,97%;500;Em Execução;Início do contrato em: 05/10/2023. Vigente até: 05/10/2025
Cidades;SECID;15;PAVIMENTAÇÃO DE VIAS URBANAS;FLORESTA;FLORESTA;353.600,00;;  ;  ;353.600,00; -   ;25/11/2024;0%;0%;500;Em Execução;Início do contrato em: 30/10/2023. Vigente até: 30/10/2025
Cidades;SECID;15;ILUMINAÇÃO PÚBLICA;ARAPUA;ARAPUA;298.000,00;;  ;  ;272.438,22;25.561,78;18/10/2024;0%;0%;500;Em Execução;Início do contrato em: 23/11/2023. Vigente até: 23/11/2025
Cidades;SECID;15;ILUMINAÇÃO PÚBLICA;CORUMBATAI DO SUL;CORUMBATAI DO SUL;295.000,00;;  ;  ;230.500,00;64.500,00;26/04/2024;78,14%;78,14%;500;Em Execução;Início do contrato em: 06/10/2023. Vigente até: 06/10/2025
Cidades;SECID;15;ILUMINAÇÃO PÚBLICA;GUAPOREMA;GUAPOREMA;279.000,00;;134.284,46;134.284,46;134.284,46;144.715,54;26/09/2024;48,13%;48,13%;500;Em Execução;Início do contrato em: 21/09/2023. Vigente até: 21/09/2025
Cidades;SECID;15;ILUMINAÇÃO PÚBLICA;FERNANDES PINHEIRO;FERNANDES PINHEIRO;221.000,00;;196.592,40;116.392,40;116.392,40;104.607,60;18/10/2024;0%;0%;500;Em Execução;Início do contrato em: 07/11/2023. Vigente até: 07/11/2025
Cidades;SECID;15;ILUMINAÇÃO PÚBLICA;NOVA ESPERANCA DO SUDOESTE;NOVA ESPERANCA DO SUDOESTE;201.000,00;;  ;  ;96.425,00;104.575,00;02/02/2024;47,97%;47,97%;500;Em Execução;Início do contrato em: 30/08/2023. Vigente até: 30/08/2025
Cidades;SECID;15;ILUMINAÇÃO PÚBLICA;NOVA ALIANCA DO IVAI;NOVA ALIANCA DO IVAI;177.000,00;;  ;  ;177.000,00; -   ;31/07/2024;100%;100%;500;Concluído;Início do contrato em: 30/08/2023. Vigente até: 30/08/2025
Cidades;SECID;15;ILUMINAÇÃO PÚBLICA;BOA VENTURA DE SAO ROQUE;BOA VENTURA DE SAO ROQUE;165.000,00;;  ;  ;77.335,13;87.664,87;09/05/2024;0%;0%;500;Em Execução;Início do contrato em: 26/10/2023. Vigente até: 26/10/2025
Cidades;SECID;15;ILUMINAÇÃO PÚBLICA;ENEAS MARQUES;ENEAS MARQUES;161.000,00;;  ;  ;76.999,99;84.000,01;25/03/2024;47,83%;47,83%;500;Em Execução;Início do contrato em: 11/10/2023. Vigente até: 11/10/2025
Cidades;SECID;15;ILUMINAÇÃO PÚBLICA;SAO JOSE DA BOA VISTA;SAO JOSE DA BOA VISTA;133.000,00;;  ;  ;99.238,00;33.762,00;18/11/2024;74,62%;74,62%;500;Em Execução;Início do contrato em: 26/10/2023. Vigente até: 26/10/2025
Habitação;SECID;16;VIVER MAIS/Casa Fácil;Goioerê;Goioerê;R$ 8.905.209,69;800.000,00;800.000,00;800.000,00;800.000,00;R$ 8.105.209,69;;9,58%;8,98%;755;Em execucão;Início do contrato em: 08/07/2024. Vigente até: 26/10/2026
Habitação;SECID;16;VIVER MAIS/Casa Fácil;Guaíra;Guaíra;R$ 8.383.923,59;600.000,00;600.000,00;472.390,62;461.254,73;R$ 7.922.668,86;;5,24%;5,50%;755;Em execução;Início do contrato em: 22/07/2024. Vigente até: 26/10/2026
Habitação;SECID;16;VIVER MAIS/Casa Fácil;Ivaiporã;Ivaiporã;R$ 8.485.344,87;2.583.000,00;300.000,00; -   ; -   ;R$ 8.485.344,87;;0,00%;0,00%;755;Em execucão;Início do contrato em: 22/07/2024. Vigente até: 26/10/2026
Habitação;SECID;16;VIVER MAIS/Casa Fácil;Loanda;Loanda;R$ 8.500.790,96;800.000,00;800.000,00;787.575,96;787.575,96;R$ 7.713.215,00;;11,44%;9,26%;755;Em execucão;Início do contrato em: 11/07/2024. Vigente até: 26/10/2026
Infraestrutura;SECID;26;DESAPROPRIAÇÃO DO TERMINAL METROPOLITANO DE LONDRINA;LONDRINA;LONDRINA;R$ 19.033.024,00; -   ;19033023,4;19033023,4;19033023,4;R$ 0,60;;100,00%;100,00%;755;Concluído;
Habitação;SECID;16;VIVER MAIS/Casa Fácil;Maringá;Maringá;;;;;;R$ 0,00;;0,00%;0,00%;755;Em licitação ;
Habitação;SECID;16;VIVER MAIS/Casa Fácil;Santo Antônio do Sudoeste;Santo Antônio do Sudoeste;R$ 10.424.628,73;800.000,00;800.000,00;799.571,94;786.759,74;R$ 9.637.868,99;;9,71%;7,55%;755;Em execucão;Início do contrato em: 08/07/2024. Vigente até: 26/10/2026
Habitação;SECID;16;VIVER MAIS/Casa Fácil;São Miguel do Iguaçu;São Miguel do Iguaçu;R$ 8.690.985,51;800.000,00;800.000,00;676.748,09;676.748,09;R$ 8.014.237,42;;10,33%;7,79%;755;Em execucão;Início do contrato em: 23/07/2024. Vigente até: 26/10/2026
Habitação;SECID;16;VIVER MAIS/Casa Fácil;Toledo;Toledo;R$ 7.267.000,00;600.000,00;600.000,00;505.267,41;498.015,60;R$ 6.768.984,40;;6,49%;6,85%;755;Em execucão;Início do contrato em: 22/07/2024. Vigente até: 22/07/2026
Incentivo ao Crédito;CC;4;Integralização de Capital para constituição de Fundo de Investimento nas Cadeias Produtivas Agroindustriais (FIAGRO);-;-;150000000;0;0;;150000000;0;17/05/2024;1;1;755;Concluído;O capital foi integralizado no balanço da Fomento Paraná. Após o chamamento público para seleção de gestores, incluindo a fase de análise de documentos, foi finalizada a escolha da gestora que atuará em conjunto com a Fomento na constituição do Fundo.
Infraestrutura;SESP;6;Auto Bomba Tanque e Resgate;Curitiba;"Curitiba; Rio Negro; Fazenda Rio Grande; Campo Largo; Londrina; Paranaguá; Maringá; Ponta Grossa; Foz do Iguaçu; Cascavel; Palmas; Guaíra; Altônia; Campina Grande do Sul; Santa Helena";R$ 17.549.730,00; -   ;9.247.537,76;9.247.537,76;9.247.537,76;R$ 8.302.192,24;;0,00%;52,69%;755;Indefinido;Aguardando Ordem de Serviço (10/2024)
Infraestrutura;SESP;6;Centro de Treinamento Guatupê;São José dos Pinhais;São José dos Pinhais;R$ 264.094,00;R$ 264.094,00; - ; - ; - ;R$ 264.094,00;;0%;0%;755;Em licitação;
Infraestrutura;SESP;6;Construção da Delegacia Cidadã de Assis Chateaubriand;Assis Chateaubriand;Assis Chateaubriand;R$ 85.910,00;R$ 600.000,00; R$ -   ; R$ -   ; R$ -   ;R$ 600.000,00;;0%;0%;755;Em licitação;
Infraestrutura;SESP;6;Construção da Delegacia Cidadã de Campo Mourão;Campo Mourão;Campo Mourão;R$ 6.992.059,32;R$ 1.000.000,00;R$ 300.000,00; R$ -   ; R$ -   ;R$ 700.000,00;;0%;0%;755;Indefinido;Inicio 28/07
Infraestrutura;SESP;6;Construção da Delegacia Cidadã de Paranavaí;Paranavaí;Paranavaí;;R$ 1.050.000,00;R$ 504.033,54; - ;  - ;R$ 545.966,46;;0%;0%;755;Em licitação;Licitação em fase de homologação/adjudicação na Secretaria de Estado das Cidades
Infraestrutura;SESP;6;Construção da Delegacia Cidadã de Piraquara;Piraquara;Piraquara;R$ 7.344.654,58;R$ 1.050.000,00;R$ 777.705,51; R$ -   ; R$ -   ;R$ 272.294,49;;0%;0%;755;Em licitação;Licitação em fase de homologação/adjudicação na Secretaria de Estado das Cidades
Infraestrutura;SESP;6;Construção da Delegacia Cidadã de Ponta Grossa;Ponta Grossa;Ponta Grossa;R$ 2.400.000,00;R$ 145.690,89;R$ 1.937.330,00; - ; - ;R$ 2.400.000,00;;0%;0%;755;Em licitação;
Infraestrutura;SESP;6;Construção da Delegacia Cidadã em Sertanópolis;Sertanopólis;;R$ 3.000.000,00;500.000,00; -   ;; -   ;R$ 3.000.000,00;;0,00%;0,00%;755;Em licitação;
Infraestrutura;SESP;6;Construção da Delegacia Cidadã Padrão I no município de Pontal do Paraná;Pontal do Paraná;;R$ 3.849.559,29;R$ 600.000,00;R$ 512.291,37;; -   ;R$ 3.849.559,29;;0,00%;0,00%;755;Indefinido;Licitação em fase de homologação/adjudicação na Secretaria de Estado das Cidades
Infraestrutura;SESP;6;Construção da Penitenciária Feminina no município de Goioerê.;Goioerê;;R$ 30.000.000,00;R$ 1.000.000,00; -   ;; -   ;R$ 30.000.000,00;;0,00%;0,00%;755;Em licitação;
Infraestrutura;SESP;6;Construção da sede da 4ª Cia. do Batalhão de Polícia Ambiental - Força Verde, no município de Guarapuava.;Guarapuava;Guarapuava;R$ 2.000.000,00;R$ 72.000,00;R$ 11.402,66;R$ 11.402,66;R$ 11.402,66;R$ 1.988.597,34;25/09/2024;0%;1%;755;Em licitação;
Infraestrutura;SESP;6;Harpya;Curitiba;;R$ 30.046.999,43;R$ 30.046.999,43;R$ 30.046.999,43;R$ 29.253.706,46;R$ 29.253.706,46;R$ 793.292,97;;0,00%;0,00%;755;Indefinido;Aquisição de 3 helicópteros. Pregão Eletronico 90.913/2024 - lote 01, 02 e 03 restou deserta.
Infraestrutura;SESP;6;Laboratório de Química Forense Agro;"Cascavel; Maringá";;R$ 15.200.000,00;R$ 590.000,00;R$ 1.439.800,00;-;-;R$ 15.200.000,00;;0;0;755;Em andamento;Aquisição de duas unidades de Sistema de Cromatografia Iônica – Pregão 1501/2024 
Infraestrutura;SESP;6;Paraná Blindado;Curitiba;;R$ 22.645.216,92; -   ; -   ;; -   ;R$ 22.645.216,92;;0,00%;0,00%;755;Indefinido;Licitação homologada, aguardando contrato (10/2024)
Infraestrutura;SESP;6;Patrulha Costeira;Paranaguá;;R$ 2.214.039,68;R$ 2.214.039,68;;;;R$ 2.214.039,68;;0;0%;755;Indefinido ;
Infraestrutura;SESP;6;Reforma do Bloco de Salas de Aula da 1ª Escola de Formação, Aperfeiçoamento e Especialização de Praças, no município de São José dos Pinhais.;São José dos Pinhais;;R$ 3.800.000,00;; -   ;; -   ; -   ;;0,00%;0,00%;755;Em licitação;
Infraestrutura;SESP;6;Reforma do Bloco II da Academia Policial Militar do Guatupê em São José dos Pinhais.;São José dos Pinhais;;R$ 5.629.996,24; -   ; -   ;; -   ; -   ;;0,00%;0,00%;755;Em licitação;Licitação em fase de análise de propostas na Secretaria de Estado das Cidades
Infraestrutura;SESP;6;Reforma e ampliação da sede da 11ª CIPM no município de Cambé;Cambé;Cambé;R$ 2.113.000,00;R$ 1.200.000,00;R$ 1.967.330,94; - ; -   ;R$ 2.113.000,00;;0%;0%;755;Em execução;
Infraestrutura;SESP;6;925100 - Construção da sede do Batalhão de Operações Especiais, em São José dos Pinhais - metro quadrado;;;;R$ 12.428.020,67;R$ 12.428.020,67;R$ 6.043.770,47;R$ 6.043.770,47;R$ 6.384.250,20;;0%;0%;755;Em execução;
Infraestrutura;SESP;6;AQUISIÇÃO ATRAVÉS DE PROCESSO LICITATÓRIO, DE 02 (DOIS) UNIDADES DE SISTEMA DE CROMATOGRAFIA LÍQUIDA ACOPLADA A ESPECTRÔMETRO DE MASSAS DE ALTA RESOLUÇÃO TIPO QUADRUPOLO E TEMPO DE VOO (LC-QTOF-MS), VISANDO ATENDER AS NECESSIDADES DA POLÍCIA CIENTÍFICA DO PARANÁ.;;;;R$ 3.599.800,00;R$ 3.599.800,00;;;;;0%;0%;755;Em projeto;Projeto em execução
Infraestrutura;SESA;10;Complexo Silvio Santos;Curitiba;;R$ 1.424.928,97; -   ; -   ;; -   ;R$ 1.424.928,97;;0,00%;0,00%;755;Em planejamento;
Infraestrutura;SEPL;19;Construção do Centro de Tecnologia do Estado do Paraná - Fábrica de Ideias;Curitiba;;R$ 335.264.442,04; -   ; -   ; - ; -   ;R$ 335.264.442,04;;0,00%;0,00%;755;Em licitação;Procedimento licitatório em curso
Educação;SEED;12;Pinheiro do Paraná C E-EF M PROFIS — 04 salas de aula;Curitiba;Curitiba;3.031.292,89;2.799.009,00;2.799.008,30;1.428.330,08;2.415.980,97;0,7;16/06/2025;0;79,7013373;755;Indefinido;
Educação;SEED;12;"Moradias Monteiro Lobato C E-EF M — 08 salas de aula; 01 bloco de sanitários; 01 pátio coberto; 01 laboratório de informática; 01 refeitório; 01 sala multiuso; 01 casa do permissionário.";Curitiba;Curitiba;4.646.819,08;4.414.342,00;4.414.341,36;744.550,42;2.102.384,42;0,64;02/06/2025;0;45,2435179;755;Indefinido;
Educação;SEED;12;UNIDADE NOVA ESCOLAR JARDIM MADRID 2024;Curitiba;Curitiba;24.889.925,62;4.949.908,00;0;0;0;4.949.908,00;;0;0;755;Indefinido;
Educação;SEED;12;UNIDADE NOVA ESCOLAR JARDIM MADRID 2025;Curitiba;Curitiba;24.889.925,62;600.000,00;600.000,00;575.855,91;0;4.949.908,00;;0;0;755;Indefinido;
Educação;SEED;12;"Nirlei Medeiros C E-EF M PROFIS — 07 salas de aula; 01 laboratório de informática; 01 bloco de sanitários; 01 refeitório (ampliar existente); 01 sala multiuso; 01 depósito de merenda.";Curitiba;Curitiba;5.014.316,45;5.014.317,00;5.014.316,45;0;2.437.691,85;0,55;11/06/2025;0;48,6146392;755;Indefinido;
Educação;SEED;12;Mireille M F Z Machado, C E C-M PR-EF M — unidade nova;Mandirituba;Mandirituba;13.272.945,32;10.568.504,00;10.568.503,81;2.949.820,14;6.177.654,25;0,19;05/06/2025;0;55,6694832;755;Indefinido;
Educação;SEED;12;Bairro Fraron — unidade nova;Pato Branco;Pato Branco;18.618.000,00;11.000.000,00;11.000.000,00; -   ; -   ; -   ;;0;0;755;Indefinido;
Educação;SEED;12;Iolando Taques Fonseca, E E Prof-EF — unidade nova;Ponta Grossa;Ponta Grossa;23.272.000,00;15.000.000,00;15.000.000,00; -   ; -   ; -   ;;0;0;755;Indefinido;
Educação;SEED;12;Domingos FCO Zardo, C E-EF M — unidade nova;Palotina;Palotina;27.477.000,00;26.977.000,00;26.977.000,00; -   ; -   ; -   ;;0;0;755;Indefinido;
